nct_id,parameter,arm,sex,como_cnt,age_std_m,base_m,age_std_s,base_s,participants
NCT00106535,sf36_mcs,0,0,0,-0.953,54.622,0.799,14.277,91
NCT00106535,sf36_mcs,0,0,1,-0.73,52.392,0.833,14.731,91
NCT00106535,sf36_mcs,0,0,2,-0.267,49.796,0.682,14.66,113
NCT00106535,sf36_mcs,0,1,0,-0.595,57.389,0.896,15.19,13
NCT00106535,sf36_mcs,0,1,1,-0.508,55.556,0.774,16.02,26
NCT00106535,sf36_mcs,0,1,2,-0.482,50.144,0.852,11.59,17
NCT00106535,sf36_mcs,1,0,0,-0.876,54.145,0.805,16.675,99
NCT00106535,sf36_mcs,1,0,1,-0.387,52.65,0.689,14.234,100
NCT00106535,sf36_mcs,1,0,2,-0.201,51.096,0.736,14.735,127
NCT00106535,sf36_mcs,1,1,0,-0.744,57.465,0.703,13.765,31
NCT00106535,sf36_mcs,1,1,1,-0.305,52.346,0.557,16.545,21
NCT00106535,sf36_mcs,1,1,2,0.168,49.962,0.535,15.477,21
NCT00106535,sf36_pcs,0,0,0,-0.953,47.745,0.799,12.089,91
NCT00106535,sf36_pcs,0,0,1,-0.73,46.693,0.833,12.718,91
NCT00106535,sf36_pcs,0,0,2,-0.267,43.808,0.682,12.837,113
NCT00106535,sf36_pcs,0,1,0,-0.595,51.055,0.896,14.384,13
NCT00106535,sf36_pcs,0,1,1,-0.508,49.342,0.774,13.676,26
NCT00106535,sf36_pcs,0,1,2,-0.482,45.729,0.852,10.078,17
NCT00106535,sf36_pcs,1,0,0,-0.876,50.331,0.805,15.3,99
NCT00106535,sf36_pcs,1,0,1,-0.387,46.218,0.689,13.626,100
NCT00106535,sf36_pcs,1,0,2,-0.201,44.509,0.736,13.231,127
NCT00106535,sf36_pcs,1,1,0,-0.744,49.471,0.703,13.433,31
NCT00106535,sf36_pcs,1,1,1,-0.305,48.1,0.557,15.413,21
NCT00106535,sf36_pcs,1,1,2,0.168,45.731,0.535,14.255,21
NCT00125918,sf36_mcs,0,0,0,-0.8,57.565,0.619,16.744,7
NCT00125918,sf36_mcs,0,0,1,-0.655,56.837,1.086,12.368,17
NCT00125918,sf36_mcs,0,0,2,-0.35,56.15,0.931,14.13,40
NCT00125918,sf36_mcs,0,1,0,-0.333,61.971,1.401,8.186,7
NCT00125918,sf36_mcs,0,1,1,0.567,40.212,0.896,2.069,2
NCT00125918,sf36_mcs,0,1,2,0.158,43.469,1.083,9.292,8
NCT00125918,sf36_mcs,1,0,0,-1.404,53.476,1.012,10.096,15
NCT00125918,sf36_mcs,1,0,1,-0.871,58.857,0.794,14.68,15
NCT00125918,sf36_mcs,1,0,2,-0.225,55.243,0.991,12.27,29
NCT00125918,sf36_mcs,1,1,0,-0.324,61,0.823,12.495,7
NCT00125918,sf36_mcs,1,1,1,0.3,49.766,0.141,5.23,2
NCT00125918,sf36_mcs,1,1,2,0.042,44.434,0.726,14.04,11
NCT00125918,sf36_pcs,0,0,0,-0.8,42.159,0.619,14.608,7
NCT00125918,sf36_pcs,0,0,1,-0.655,46.239,1.086,11.625,17
NCT00125918,sf36_pcs,0,0,2,-0.35,44.135,0.931,13.75,40
NCT00125918,sf36_pcs,0,1,0,-0.333,49.909,1.401,9.037,7
NCT00125918,sf36_pcs,0,1,1,0.567,50.829,0.896,1.998,2
NCT00125918,sf36_pcs,0,1,2,0.158,42.371,1.083,9.575,8
NCT00125918,sf36_pcs,1,0,0,-1.404,51.543,1.012,9.597,15
NCT00125918,sf36_pcs,1,0,1,-0.871,45.884,0.794,9.436,15
NCT00125918,sf36_pcs,1,0,2,-0.225,43.382,0.991,12.177,29
NCT00125918,sf36_pcs,1,1,0,-0.324,50.06,0.823,9.902,7
NCT00125918,sf36_pcs,1,1,1,0.3,29.812,0.141,7.485,2
NCT00125918,sf36_pcs,1,1,2,0.042,39.207,0.726,11.011,11
NCT00410384,sf36_mcs,0,0,0,-1.333,19.686,1.187,1.554,6
NCT00410384,sf36_mcs,0,0,1,-1.75,21.271,0.687,1.985,69
NCT00410384,sf36_mcs,0,0,2,-1.182,20.368,0.741,2.212,177
NCT00410384,sf36_mcs,0,1,1,-2.1,22.675,0.578,1.473,6
NCT00410384,sf36_mcs,0,1,2,-0.973,20.036,0.914,2.101,17
NCT00410384,sf36_mcs,1,0,0,-1.273,21.113,0.738,2.644,10
NCT00410384,sf36_mcs,1,0,1,-1.538,20.608,0.76,2.153,54
NCT00410384,sf36_mcs,1,0,2,-1.256,20.311,0.722,2.242,195
NCT00410384,sf36_mcs,1,1,1,-0.667,21.491,0.133,0.635,3
NCT00410384,sf36_mcs,1,1,2,-1.017,21.819,0.878,1.915,12
NCT00410384,sf36_pcs,0,0,0,-1.333,26.964,1.187,2.697,6
NCT00410384,sf36_pcs,0,0,1,-1.75,28.035,0.687,2.415,69
NCT00410384,sf36_pcs,0,0,2,-1.182,27.175,0.741,2.509,177
NCT00410384,sf36_pcs,0,1,1,-2.1,29.829,0.578,3.751,6
NCT00410384,sf36_pcs,0,1,2,-0.973,27.588,0.914,2.693,17
NCT00410384,sf36_pcs,1,0,0,-1.273,28.856,0.738,2.661,10
NCT00410384,sf36_pcs,1,0,1,-1.538,27.768,0.76,2.639,54
NCT00410384,sf36_pcs,1,0,2,-1.256,27.068,0.722,2.494,195
NCT00410384,sf36_pcs,1,1,1,-0.667,28.246,0.133,1.543,3
NCT00410384,sf36_pcs,1,1,2,-1.017,28.852,0.878,2.166,12
NCT00424476,sf36_mcs,0,0,0,-1.84,21.379,0.806,1.98,28
NCT00424476,sf36_mcs,0,0,1,-1.799,21.164,0.64,1.779,81
NCT00424476,sf36_mcs,0,0,2,-1.4,20.654,0.818,2.08,161
NCT00424476,sf36_mcs,0,1,0,-2.6,21.369,0,0,1
NCT00424476,sf36_mcs,0,1,1,-1.867,21.903,0.708,0.976,4
NCT00424476,sf36_mcs,0,1,2,-1.883,20.405,0.581,1.759,12
NCT00424476,sf36_mcs,1,0,0,-1.499,20.829,0.715,1.92,23
NCT00424476,sf36_mcs,1,0,1,-1.699,20.725,0.745,1.871,98
NCT00424476,sf36_mcs,1,0,2,-1.632,20.668,0.711,2.028,159
NCT00424476,sf36_mcs,1,1,0,-2.267,21.631,0,0,1
NCT00424476,sf36_mcs,1,1,1,-1.911,22.441,0.888,1.072,3
NCT00424476,sf36_mcs,1,1,2,-1.267,21.051,0.537,1.66,6
NCT00424476,sf36_pcs,0,0,0,-1.84,28.878,0.806,2.374,28
NCT00424476,sf36_pcs,0,0,1,-1.799,28.605,0.64,2.204,81
NCT00424476,sf36_pcs,0,0,2,-1.4,28.133,0.818,2.528,161
NCT00424476,sf36_pcs,0,1,0,-2.6,28.965,0,0,1
NCT00424476,sf36_pcs,0,1,1,-1.867,29.837,0.708,1.784,4
NCT00424476,sf36_pcs,0,1,2,-1.883,28.111,0.581,1.977,12
NCT00424476,sf36_pcs,1,0,0,-1.499,28.594,0.715,2.692,23
NCT00424476,sf36_pcs,1,0,1,-1.699,28.595,0.745,2.323,98
NCT00424476,sf36_pcs,1,0,2,-1.632,28.116,0.711,2.239,159
NCT00424476,sf36_pcs,1,1,0,-2.267,32.036,0,0,1
NCT00424476,sf36_pcs,1,1,1,-1.911,28.721,0.888,1.28,3
NCT00424476,sf36_pcs,1,1,2,-1.267,29.125,0.537,2.058,6
NCT00472199,sf36_mcs,0,0,0,-0.446,59.734,0.774,13.881,19
NCT00472199,sf36_mcs,0,0,1,-0.536,56.977,0.712,15.186,25
NCT00472199,sf36_mcs,0,0,2,-0.047,61.016,0.671,13.129,50
NCT00472199,sf36_mcs,0,1,0,-0.771,65.803,0.913,9.942,21
NCT00472199,sf36_mcs,0,1,1,-0.05,59.374,0.713,14.166,24
NCT00472199,sf36_mcs,0,1,2,-0.164,62.239,0.604,11.305,24
NCT00472199,sf36_mcs,1,0,0,-0.414,56.936,0.82,13.194,24
NCT00472199,sf36_mcs,1,0,1,-0.176,59.442,0.846,16.059,39
NCT00472199,sf36_mcs,1,0,2,0.262,62.72,0.603,10.898,41
NCT00472199,sf36_mcs,1,1,0,-0.941,67.043,0.994,8.928,17
NCT00472199,sf36_mcs,1,1,1,-0.328,63.678,0.782,15.448,23
NCT00472199,sf36_mcs,1,1,2,0.278,56.219,0.628,15.496,24
NCT00472199,sf36_pcs,0,0,0,-0.446,62.922,0.774,15.115,19
NCT00472199,sf36_pcs,0,0,1,-0.536,61.928,0.712,13.07,25
NCT00472199,sf36_pcs,0,0,2,-0.047,61.589,0.671,13.146,50
NCT00472199,sf36_pcs,0,1,0,-0.771,71.914,0.913,8.198,21
NCT00472199,sf36_pcs,0,1,1,-0.05,62.23,0.713,12.931,24
NCT00472199,sf36_pcs,0,1,2,-0.164,63.569,0.604,14.363,24
NCT00472199,sf36_pcs,1,0,0,-0.414,64.232,0.82,11.589,24
NCT00472199,sf36_pcs,1,0,1,-0.176,64.054,0.846,13.67,39
NCT00472199,sf36_pcs,1,0,2,0.262,61.482,0.603,11.712,41
NCT00472199,sf36_pcs,1,1,0,-0.941,72.213,0.994,8.03,17
NCT00472199,sf36_pcs,1,1,1,-0.328,66.39,0.782,12.436,23
NCT00472199,sf36_pcs,1,1,2,0.278,57.016,0.628,14.657,24
NCT00783718,sf36_mcs,0,0,0,-1.617,38.716,0.589,6.709,23
NCT00783718,sf36_mcs,0,0,1,-1.095,40.589,0.883,7.067,21
NCT00783718,sf36_mcs,0,0,2,-0.656,40.667,1.012,6.242,13
NCT00783718,sf36_mcs,0,1,0,-1.557,42.374,0.729,6.951,45
NCT00783718,sf36_mcs,0,1,1,-1.208,38.294,0.929,8.157,24
NCT00783718,sf36_mcs,0,1,2,-1.032,38.8,0.677,7.35,23
NCT00783718,sf36_mcs,1,0,0,-1.589,39.928,0.702,6.279,95
NCT00783718,sf36_mcs,1,0,1,-1.518,37.18,0.893,6.588,51
NCT00783718,sf36_mcs,1,0,2,-1.01,37.522,0.912,7.445,58
NCT00783718,sf36_mcs,1,1,0,-1.605,41.194,0.802,6.982,127
NCT00783718,sf36_mcs,1,1,1,-1.462,41.504,0.858,5.973,97
NCT00783718,sf36_mcs,1,1,2,-0.735,41.213,0.829,6.566,69
NCT00783718,sf36_pcs,0,0,0,-1.617,43.121,0.589,4.653,23
NCT00783718,sf36_pcs,0,0,1,-1.095,45.009,0.883,4.89,21
NCT00783718,sf36_pcs,0,0,2,-0.656,42.494,1.012,5.635,13
NCT00783718,sf36_pcs,0,1,0,-1.557,44.935,0.729,5.145,45
NCT00783718,sf36_pcs,0,1,1,-1.208,43.417,0.929,5.253,24
NCT00783718,sf36_pcs,0,1,2,-1.032,42.632,0.677,6.072,23
NCT00783718,sf36_pcs,1,0,0,-1.589,43.791,0.702,4.618,95
NCT00783718,sf36_pcs,1,0,1,-1.518,40.99,0.893,4.821,51
NCT00783718,sf36_pcs,1,0,2,-1.01,41.29,0.912,5.123,58
NCT00783718,sf36_pcs,1,1,0,-1.605,45.331,0.802,4.569,127
NCT00783718,sf36_pcs,1,1,1,-1.462,45.149,0.858,4.163,97
NCT00783718,sf36_pcs,1,1,2,-0.735,44.549,0.829,5.33,69
NCT01007435,sf36_mcs,0,0,0,-0.984,50.871,0.836,13.356,89
NCT01007435,sf36_mcs,0,0,1,-0.725,47.905,0.887,13.375,71
NCT01007435,sf36_mcs,0,0,2,-0.435,48.119,0.817,14.228,69
NCT01007435,sf36_mcs,0,1,0,-0.667,53.99,0.786,13.084,19
NCT01007435,sf36_mcs,0,1,1,-0.686,44.713,0.906,15.802,21
NCT01007435,sf36_mcs,0,1,2,-0.185,50.103,0.828,18.045,18
NCT01007435,sf36_mcs,1,0,0,-0.83,52.044,0.872,15.267,275
NCT01007435,sf36_mcs,1,0,1,-0.686,49.273,0.907,14.583,91
NCT01007435,sf36_mcs,1,0,2,-0.232,50.293,0.831,13.939,59
NCT01007435,sf36_mcs,1,1,0,-0.644,55.131,0.78,13.079,62
NCT01007435,sf36_mcs,1,1,1,-0.367,45.671,0.762,12.014,18
NCT01007435,sf36_mcs,1,1,2,-0.348,49.999,0.772,15.315,22
NCT01007435,sf36_pcs,0,0,0,-0.984,44.392,0.836,11.21,89
NCT01007435,sf36_pcs,0,0,1,-0.725,42.812,0.887,10.283,71
NCT01007435,sf36_pcs,0,0,2,-0.435,42.571,0.817,11.634,69
NCT01007435,sf36_pcs,0,1,0,-0.667,46.905,0.786,10.469,19
NCT01007435,sf36_pcs,0,1,1,-0.686,41.881,0.906,13.017,21
NCT01007435,sf36_pcs,0,1,2,-0.185,41.688,0.828,12.646,18
NCT01007435,sf36_pcs,1,0,0,-0.83,49.255,0.872,14.274,275
NCT01007435,sf36_pcs,1,0,1,-0.686,42.938,0.907,13.304,91
NCT01007435,sf36_pcs,1,0,2,-0.232,41.452,0.831,9.516,59
NCT01007435,sf36_pcs,1,1,0,-0.644,50.228,0.78,12.965,62
NCT01007435,sf36_pcs,1,1,1,-0.367,41.361,0.762,9.22,18
NCT01007435,sf36_pcs,1,1,2,-0.348,43.406,0.772,13.93,22
NCT01119859,sf36_mcs,0,0,0,-0.87,50.455,1.029,14.785,22
NCT01119859,sf36_mcs,0,0,1,-0.727,44.251,0.843,15.916,50
NCT01119859,sf36_mcs,0,0,2,-0.168,43.026,0.663,12.026,61
NCT01119859,sf36_mcs,0,1,0,-0.619,57.941,0.504,11.987,7
NCT01119859,sf36_mcs,0,1,1,-0.3,40.211,0.611,16.515,6
NCT01119859,sf36_mcs,0,1,2,-0.029,50.128,0.735,14.682,16
NCT01119859,sf36_mcs,1,0,0,-0.808,50.062,0.78,11.14,25
NCT01119859,sf36_mcs,1,0,1,-0.362,46.629,0.769,12.955,53
NCT01119859,sf36_mcs,1,0,2,-0.182,41.824,0.918,11.179,51
NCT01119859,sf36_mcs,1,1,0,-0.956,52.623,0.737,9.941,9
NCT01119859,sf36_mcs,1,1,1,-0.111,54.389,0.912,14.058,9
NCT01119859,sf36_mcs,1,1,2,-0.146,46.5,0.867,19.179,16
NCT01119859,sf36_pcs,0,0,0,-0.87,44.685,1.029,11.598,22
NCT01119859,sf36_pcs,0,0,1,-0.727,41.362,0.843,14.124,50
NCT01119859,sf36_pcs,0,0,2,-0.168,35.368,0.663,11.071,61
NCT01119859,sf36_pcs,0,1,0,-0.619,42.907,0.504,12.182,7
NCT01119859,sf36_pcs,0,1,1,-0.3,35.923,0.611,8.833,6
NCT01119859,sf36_pcs,0,1,2,-0.029,42,0.735,12.965,16
NCT01119859,sf36_pcs,1,0,0,-0.808,43.948,0.78,13.607,25
NCT01119859,sf36_pcs,1,0,1,-0.362,40.762,0.769,11.571,53
NCT01119859,sf36_pcs,1,0,2,-0.182,35.886,0.918,9.272,51
NCT01119859,sf36_pcs,1,1,0,-0.956,44.823,0.737,8.896,9
NCT01119859,sf36_pcs,1,1,1,-0.111,49.456,0.912,11.203,9
NCT01119859,sf36_pcs,1,1,2,-0.146,38.728,0.867,9.794,16
NCT01209702,sf36_mcs,0,0,0,-1.438,39.072,0.564,5.445,7
NCT01209702,sf36_mcs,0,0,1,-0.267,64.438,0,0,1
NCT01209702,sf36_mcs,0,0,2,-0.311,54.636,0.684,15.683,3
NCT01209702,sf36_mcs,0,1,0,-1.677,47.281,0.67,9.59,20
NCT01209702,sf36_mcs,0,1,1,-1.05,46.096,0.431,14.635,12
NCT01209702,sf36_mcs,0,1,2,-0.175,42.366,0.874,20.402,8
NCT01209702,sf36_mcs,1,0,0,-1.317,41.807,0.68,8.342,8
NCT01209702,sf36_mcs,1,0,1,-1.089,43.069,1.067,6.943,3
NCT01209702,sf36_mcs,1,0,2,-0.733,41.765,0.977,20.897,4
NCT01209702,sf36_mcs,1,1,0,-1.409,48.562,0.582,13.613,23
NCT01209702,sf36_mcs,1,1,1,-1.275,47.503,0.88,9.266,8
NCT01209702,sf36_mcs,1,1,2,-0.653,34.106,0.896,5.541,5
NCT01209702,sf36_pcs,0,0,0,-1.438,39.029,0.564,10.201,7
NCT01209702,sf36_pcs,0,0,1,-0.267,68.762,0,0,1
NCT01209702,sf36_pcs,0,0,2,-0.311,43.299,0.684,15.098,3
NCT01209702,sf36_pcs,0,1,0,-1.677,45.033,0.67,10.637,20
NCT01209702,sf36_pcs,0,1,1,-1.05,40.921,0.431,8.214,12
NCT01209702,sf36_pcs,0,1,2,-0.175,38.977,0.874,11.103,8
NCT01209702,sf36_pcs,1,0,0,-1.317,40.704,0.68,11.55,8
NCT01209702,sf36_pcs,1,0,1,-1.089,43.131,1.067,3.556,3
NCT01209702,sf36_pcs,1,0,2,-0.733,36.334,0.977,11.627,4
NCT01209702,sf36_pcs,1,1,0,-1.409,46.373,0.582,14.093,23
NCT01209702,sf36_pcs,1,1,1,-1.275,44.264,0.88,9.701,8
NCT01209702,sf36_pcs,1,1,2,-0.653,30.042,0.896,9.92,5
NCT01224171,sf36_mcs,0,0,0,-1.767,38.524,0.738,5.995,32
NCT01224171,sf36_mcs,0,0,1,-1.703,38.293,0.824,6.415,42
NCT01224171,sf36_mcs,0,0,2,-1.024,35.571,0.899,6.089,44
NCT01224171,sf36_mcs,0,1,0,-1.696,40.287,0.731,5.467,34
NCT01224171,sf36_mcs,0,1,1,-1.832,39.235,0.792,7.056,37
NCT01224171,sf36_mcs,0,1,2,-1.293,38.927,1.078,6.708,18
NCT01224171,sf36_mcs,1,0,0,-1.708,38.755,0.721,7.584,32
NCT01224171,sf36_mcs,1,0,1,-1.665,39.31,0.712,6.928,43
NCT01224171,sf36_mcs,1,0,2,-1.11,36.356,0.814,6.526,43
NCT01224171,sf36_mcs,1,1,0,-1.615,41.801,0.685,8.868,36
NCT01224171,sf36_mcs,1,1,1,-1.615,38.402,0.758,7.157,31
NCT01224171,sf36_mcs,1,1,2,-0.914,38.832,0.939,8.109,24
NCT01224171,sf36_pcs,0,0,0,-1.767,43.499,0.738,4.502,32
NCT01224171,sf36_pcs,0,0,1,-1.703,41.426,0.824,4.422,42
NCT01224171,sf36_pcs,0,0,2,-1.024,38.331,0.899,4.698,44
NCT01224171,sf36_pcs,0,1,0,-1.696,43.302,0.731,4.434,34
NCT01224171,sf36_pcs,0,1,1,-1.832,43.469,0.792,4.751,37
NCT01224171,sf36_pcs,0,1,2,-1.293,41.883,1.078,5.716,18
NCT01224171,sf36_pcs,1,0,0,-1.708,41.592,0.721,4.865,32
NCT01224171,sf36_pcs,1,0,1,-1.665,41.549,0.712,5.819,43
NCT01224171,sf36_pcs,1,0,2,-1.11,39.694,0.814,4.765,43
NCT01224171,sf36_pcs,1,1,0,-1.615,44.34,0.685,5.725,36
NCT01224171,sf36_pcs,1,1,1,-1.615,42.364,0.758,4.771,31
NCT01224171,sf36_pcs,1,1,2,-0.914,42.274,0.939,5.388,24
NCT01232569,sf36_mcs,0,0,0,-1.078,47.205,0.815,13.675,53
NCT01232569,sf36_mcs,0,0,1,-0.544,47.836,0.682,10.656,56
NCT01232569,sf36_mcs,0,0,2,-0.188,46.219,0.596,10.926,72
NCT01232569,sf36_mcs,0,1,0,-0.903,52.149,0.921,15.704,11
NCT01232569,sf36_mcs,0,1,1,-0.267,52.656,0.729,16.709,15
NCT01232569,sf36_mcs,0,1,2,-0.2,47.159,0.55,14.201,12
NCT01232569,sf36_mcs,1,0,0,-0.879,46.649,0.745,13.892,116
NCT01232569,sf36_mcs,1,0,1,-0.58,47.476,0.744,13.995,118
NCT01232569,sf36_mcs,1,0,2,-0.28,43.548,0.693,12.633,141
NCT01232569,sf36_mcs,1,1,0,-0.637,50.056,0.796,13.476,25
NCT01232569,sf36_mcs,1,1,1,-0.279,49.171,0.545,11.366,21
NCT01232569,sf36_mcs,1,1,2,0.183,51.357,0.531,12.419,16
NCT01232569,sf36_pcs,0,0,0,-1.078,43.974,0.815,11.385,53
NCT01232569,sf36_pcs,0,0,1,-0.544,41.44,0.682,9.904,56
NCT01232569,sf36_pcs,0,0,2,-0.188,40.089,0.596,9.048,72
NCT01232569,sf36_pcs,0,1,0,-0.903,42.528,0.921,13.73,11
NCT01232569,sf36_pcs,0,1,1,-0.267,44.913,0.729,13.848,15
NCT01232569,sf36_pcs,0,1,2,-0.2,38.679,0.55,12.027,12
NCT01232569,sf36_pcs,1,0,0,-0.879,41.708,0.745,11.769,116
NCT01232569,sf36_pcs,1,0,1,-0.58,40.994,0.744,12.434,118
NCT01232569,sf36_pcs,1,0,2,-0.28,37.689,0.693,10.047,141
NCT01232569,sf36_pcs,1,1,0,-0.637,41.728,0.796,9.799,25
NCT01232569,sf36_pcs,1,1,1,-0.279,45.811,0.545,9.927,21
NCT01232569,sf36_pcs,1,1,2,0.183,43.925,0.531,11.834,16
NCT01646177,sf36_mcs,0,0,0,-1.057,55.857,0.761,16.301,20
NCT01646177,sf36_mcs,0,0,1,-0.654,62.37,0.722,10.537,16
NCT01646177,sf36_mcs,0,0,2,-0.33,54.701,0.61,15.029,20
NCT01646177,sf36_mcs,0,1,0,-1.355,64.026,0.745,13.972,47
NCT01646177,sf36_mcs,0,1,1,-0.99,63.935,0.82,13.961,51
NCT01646177,sf36_mcs,0,1,2,-0.546,64.895,0.654,13.394,38
NCT01646177,sf36_mcs,1,0,0,-1.083,63.337,0.828,11.827,41
NCT01646177,sf36_mcs,1,0,1,-0.962,59.014,0.869,14.498,48
NCT01646177,sf36_mcs,1,0,2,-0.41,59.139,0.633,13.001,41
NCT01646177,sf36_mcs,1,1,0,-1.401,65.769,0.807,12.257,98
NCT01646177,sf36_mcs,1,1,1,-1.058,67.136,0.764,12.4,87
NCT01646177,sf36_mcs,1,1,2,-0.435,64.709,0.825,15.279,68
NCT01646177,sf36_pcs,0,0,0,-1.057,62.816,0.761,14.176,20
NCT01646177,sf36_pcs,0,0,1,-0.654,64.081,0.722,13.115,16
NCT01646177,sf36_pcs,0,0,2,-0.33,56.948,0.61,15.027,20
NCT01646177,sf36_pcs,0,1,0,-1.355,68.653,0.745,11.555,47
NCT01646177,sf36_pcs,0,1,1,-1.012,65.65,0.827,14.206,52
NCT01646177,sf36_pcs,0,1,2,-0.546,64.362,0.654,13.983,38
NCT01646177,sf36_pcs,1,0,0,-1.083,68.358,0.828,11.868,41
NCT01646177,sf36_pcs,1,0,1,-0.962,64.481,0.869,13.011,48
NCT01646177,sf36_pcs,1,0,2,-0.41,55.619,0.633,16.272,41
NCT01646177,sf36_pcs,1,1,0,-1.413,69.286,0.811,10.742,99
NCT01646177,sf36_pcs,1,1,1,-1.058,69.317,0.764,10.083,87
NCT01646177,sf36_pcs,1,1,2,-0.435,63.316,0.825,12.64,68
NCT01646177,eq5d_index,0,0,0,-1.057,0.745,0.761,0.237,20
NCT01646177,eq5d_index,0,0,1,-0.654,0.851,0.722,0.126,16
NCT01646177,eq5d_index,0,0,2,-0.33,0.741,0.61,0.233,20
NCT01646177,eq5d_index,0,1,0,-1.355,0.828,0.745,0.196,47
NCT01646177,eq5d_index,0,1,1,-1.012,0.81,0.827,0.213,52
NCT01646177,eq5d_index,0,1,2,-0.546,0.806,0.654,0.136,38
NCT01646177,eq5d_index,1,0,0,-1.083,0.821,0.828,0.192,41
NCT01646177,eq5d_index,1,0,1,-0.962,0.779,0.869,0.204,48
NCT01646177,eq5d_index,1,0,2,-0.41,0.729,0.633,0.192,41
NCT01646177,eq5d_index,1,1,0,-1.413,0.865,0.811,0.149,99
NCT01646177,eq5d_index,1,1,1,-1.058,0.845,0.764,0.165,87
NCT01646177,eq5d_index,1,1,2,-0.435,0.778,0.825,0.208,68
NCT00348140,eq5d_index,0,0,0,0.696,0.905,0.558,0.066,64
NCT00348140,eq5d_index,0,0,1,0.798,0.881,0.548,0.096,85
NCT00348140,eq5d_index,0,0,2,0.953,0.865,0.478,0.087,118
NCT00348140,eq5d_index,0,1,0,0.682,0.898,0.6,0.072,53
NCT00348140,eq5d_index,0,1,1,0.883,0.904,0.556,0.094,60
NCT00348140,eq5d_index,0,1,2,0.904,0.885,0.5,0.093,100
NCT00348140,eq5d_index,1,0,0,0.724,0.885,0.619,0.09,62
NCT00348140,eq5d_index,1,0,1,0.924,0.874,0.527,0.085,76
NCT00348140,eq5d_index,1,0,2,1.019,0.881,0.514,0.086,126
NCT00348140,eq5d_index,1,1,0,0.788,0.908,0.637,0.081,57
NCT00348140,eq5d_index,1,1,1,0.831,0.904,0.596,0.091,78
NCT00348140,eq5d_index,1,1,2,0.943,0.883,0.437,0.09,86
NCT00348309,eq5d_index,0,0,0,0.816,0.858,0.575,0.103,70
NCT00348309,eq5d_index,0,0,1,0.937,0.873,0.526,0.093,79
NCT00348309,eq5d_index,0,0,2,1.034,0.869,0.505,0.094,151
NCT00348309,eq5d_index,0,1,0,0.764,0.888,0.53,0.091,44
NCT00348309,eq5d_index,0,1,1,0.835,0.888,0.495,0.085,55
NCT00348309,eq5d_index,0,1,2,1.004,0.872,0.488,0.092,92
NCT00348309,eq5d_index,1,0,0,0.958,0.87,0.516,0.087,60
NCT00348309,eq5d_index,1,0,1,0.941,0.869,0.549,0.094,97
NCT00348309,eq5d_index,1,0,2,1.046,0.857,0.442,0.097,143
NCT00348309,eq5d_index,1,1,0,0.8,0.901,0.567,0.074,39
NCT00348309,eq5d_index,1,1,1,0.79,0.877,0.535,0.088,52
NCT00348309,eq5d_index,1,1,2,0.945,0.882,0.507,0.093,91
NCT00428090,eq5d_index,0,0,0,0.768,0.858,0.579,0.101,52
NCT00428090,eq5d_index,0,0,1,0.708,0.86,0.558,0.1,24
NCT00428090,eq5d_index,0,0,2,0.978,0.88,0.733,0.097,21
NCT00428090,eq5d_index,0,1,0,0.828,0.886,0.606,0.093,24
NCT00428090,eq5d_index,0,1,1,0.885,0.872,0.478,0.083,29
NCT00428090,eq5d_index,0,1,2,1.053,0.876,0.416,0.111,15
NCT00428090,eq5d_index,1,0,0,0.701,0.892,0.66,0.089,46
NCT00428090,eq5d_index,1,0,1,0.884,0.835,0.607,0.088,27
NCT00428090,eq5d_index,1,0,2,1.025,0.832,0.447,0.079,32
NCT00428090,eq5d_index,1,1,0,0.8,0.887,0.421,0.103,25
NCT00428090,eq5d_index,1,1,1,0.751,0.889,0.523,0.095,15
NCT00428090,eq5d_index,1,1,2,0.835,0.87,0.548,0.101,17
NCT01264939,eq5d_index,0,0,1,-1.479,0.915,1.029,0.059,11
NCT01264939,eq5d_index,0,0,2,-0.903,0.891,0.919,0.096,44
NCT01264939,eq5d_index,0,1,1,-0.867,0.947,1.095,0.056,7
NCT01264939,eq5d_index,0,1,2,-1.171,0.875,1.038,0.08,21
NCT01264939,eq5d_index,1,0,0,-0.367,0.794,0.519,0.062,2
NCT01264939,eq5d_index,1,0,1,-1.186,0.903,0.838,0.072,44
NCT01264939,eq5d_index,1,0,2,-1.232,0.883,0.949,0.083,140
NCT01264939,eq5d_index,1,1,0,-1.6,0.859,0,0,1
NCT01264939,eq5d_index,1,1,1,-1.181,0.89,0.95,0.095,18
NCT01264939,eq5d_index,1,1,2,-0.909,0.891,0.918,0.089,47
NCT01287117,eq5d_index,0,0,0,-1.526,0.852,0.94,0.091,19
NCT01287117,eq5d_index,0,0,1,-1.12,0.866,0.75,0.09,15
NCT01287117,eq5d_index,0,0,2,-1.333,0.883,1.218,0.065,18
NCT01287117,eq5d_index,0,1,0,-1.778,0.896,0.822,0.092,15
NCT01287117,eq5d_index,0,1,1,-0.507,0.915,1.177,0.032,5
NCT01287117,eq5d_index,0,1,2,-0.675,0.85,1.225,0.068,8
NCT01287117,eq5d_index,1,0,0,-1.383,0.893,0.895,0.074,23
NCT01287117,eq5d_index,1,0,1,-1.257,0.885,0.839,0.086,21
NCT01287117,eq5d_index,1,0,2,-0.683,0.874,0.767,0.107,16
NCT01287117,eq5d_index,1,1,0,-1.475,0.892,0.805,0.103,8
NCT01287117,eq5d_index,1,1,1,-1.456,0.901,0.93,0.074,6
NCT01287117,eq5d_index,1,1,2,-0.762,0.882,0.94,0.046,7
NCT01292473,eq5d_index,0,0,0,-1.376,0.906,0.757,0.091,17
NCT01292473,eq5d_index,0,0,1,-1.224,0.865,0.728,0.087,14
NCT01292473,eq5d_index,0,0,2,-1.009,0.887,0.96,0.073,23
NCT01292473,eq5d_index,0,1,0,-1.474,0.943,0.707,0.087,9
NCT01292473,eq5d_index,0,1,1,-0.652,0.908,0.891,0.069,9
NCT01292473,eq5d_index,0,1,2,-0.967,0.843,0.706,0.072,6
NCT01292473,eq5d_index,1,0,0,-1.298,0.893,0.881,0.077,19
NCT01292473,eq5d_index,1,0,1,-1.213,0.903,0.992,0.097,20
NCT01292473,eq5d_index,1,0,2,-0.8,0.889,0.89,0.07,24
NCT01292473,eq5d_index,1,1,0,-1.133,0.849,0.873,0.065,9
NCT01292473,eq5d_index,1,1,1,-0.717,0.921,0.911,0.081,4
NCT01292473,eq5d_index,1,1,2,-0.511,0.915,0.616,0.097,3
NCT00046254,eq5d_index,0,0,0,0.762,0.795,0.707,0.095,101
NCT00046254,eq5d_index,0,0,1,0.931,0.809,0.642,0.113,174
NCT00046254,eq5d_index,0,0,2,1.096,0.813,0.66,0.1,509
NCT00046254,eq5d_index,0,1,0,0.675,0.821,0.607,0.101,33
NCT00046254,eq5d_index,0,1,1,0.726,0.83,0.785,0.09,65
NCT00046254,eq5d_index,0,1,2,0.942,0.837,0.744,0.105,158
NCT00046254,eq5d_index,1,0,0,0.727,0.81,0.712,0.098,109
NCT00046254,eq5d_index,1,0,1,0.828,0.808,0.615,0.099,172
NCT00046254,eq5d_index,1,0,2,1.119,0.812,0.628,0.103,520
NCT00046254,eq5d_index,1,1,0,0.424,0.843,0.682,0.097,30
NCT00046254,eq5d_index,1,1,1,0.737,0.791,0.726,0.093,66
NCT00046254,eq5d_index,1,1,2,0.961,0.842,0.693,0.106,147
NCT00100620,eq5d_index,0,0,0,-1.467,0.751,0,0,1
NCT00100620,eq5d_index,0,0,1,-0.621,0.856,0.879,0.095,78
NCT00100620,eq5d_index,0,0,2,-0.299,0.846,1.001,0.104,201
NCT00100620,eq5d_index,0,1,1,-0.665,0.845,1.033,0.105,32
NCT00100620,eq5d_index,0,1,2,-0.177,0.863,0.882,0.102,100
NCT00100620,eq5d_index,1,0,0,-0.911,0.826,0.839,0.029,3
NCT00100620,eq5d_index,1,0,1,-0.607,0.833,0.961,0.1,90
NCT00100620,eq5d_index,1,0,2,-0.389,0.849,0.964,0.101,192
NCT00100620,eq5d_index,1,1,0,-1.467,1,0,0,1
NCT00100620,eq5d_index,1,1,1,-0.559,0.861,1.054,0.105,29
NCT00100620,eq5d_index,1,1,2,-0.053,0.871,0.927,0.099,99
NCT00439647,eq5d_index,0,1,0,0.246,0.949,0.562,0.069,161
NCT00439647,eq5d_index,0,1,1,0.369,0.934,0.569,0.079,172
NCT00439647,eq5d_index,0,1,2,0.467,0.904,0.6,0.088,278
NCT00439647,eq5d_index,1,1,0,0.229,0.942,0.558,0.075,148
NCT00439647,eq5d_index,1,1,1,0.372,0.929,0.57,0.076,180
NCT00439647,eq5d_index,1,1,2,0.501,0.906,0.541,0.085,259
NCT00670501,eq5d_index,0,0,1,0.426,0.863,0.501,0.101,41
NCT00670501,eq5d_index,0,0,2,0.603,0.853,0.433,0.093,93
NCT00670501,eq5d_index,1,0,1,0.529,0.868,0.532,0.084,52
NCT00670501,eq5d_index,1,0,2,0.669,0.872,0.443,0.089,83
NCT00466167,eq5d_index,0,0,0,0.153,0.808,0.654,0.12,34
NCT00466167,eq5d_index,0,0,1,-0.136,0.749,0.503,0.073,30
NCT00466167,eq5d_index,0,0,2,0.313,0.766,0.556,0.071,20
NCT00466167,eq5d_index,0,1,0,-0.255,0.79,0.63,0.084,45
NCT00466167,eq5d_index,0,1,1,0.24,0.779,0.714,0.09,28
NCT00466167,eq5d_index,0,1,2,0.371,0.819,0.521,0.109,21
NCT00466167,eq5d_index,1,0,0,-0.111,0.778,0.766,0.108,24
NCT00466167,eq5d_index,1,0,1,0,0.742,0.571,0.081,29
NCT00466167,eq5d_index,1,0,2,0.337,0.737,0.65,0.072,19
NCT00466167,eq5d_index,1,1,0,0.056,0.789,0.612,0.09,49
NCT00466167,eq5d_index,1,1,1,0.106,0.785,0.608,0.107,22
NCT00466167,eq5d_index,1,1,2,0.415,0.767,0.629,0.097,22
NCT00291330,eq5d_index,0,0,0,-0.825,0.838,1.202,0.11,117
NCT00291330,eq5d_index,0,0,1,-0.644,0.832,1.198,0.101,159
NCT00291330,eq5d_index,0,0,2,-0.126,0.815,1.089,0.095,246
NCT00291330,eq5d_index,0,1,0,-0.627,0.871,0.92,0.101,195
NCT00291330,eq5d_index,0,1,1,-0.481,0.839,1.022,0.104,211
NCT00291330,eq5d_index,0,1,2,-0.077,0.841,0.943,0.099,340
NCT00291330,eq5d_index,1,0,0,-0.857,0.831,1.049,0.094,106
NCT00291330,eq5d_index,1,0,1,-0.566,0.817,1.258,0.095,161
NCT00291330,eq5d_index,1,0,2,-0.18,0.801,1.138,0.093,267
NCT00291330,eq5d_index,1,1,0,-0.482,0.861,0.924,0.099,183
NCT00291330,eq5d_index,1,1,1,-0.335,0.862,0.896,0.097,230
NCT00291330,eq5d_index,1,1,2,-0.109,0.835,0.924,0.096,322
NCT00558259,eq5d_index,0,0,0,-0.882,0.928,1.011,0.08,126
NCT00558259,eq5d_index,0,0,1,-0.124,0.921,1.059,0.091,74
NCT00558259,eq5d_index,0,0,2,0.282,0.866,0.786,0.093,97
NCT00558259,eq5d_index,0,1,0,-0.66,0.961,0.847,0.068,178
NCT00558259,eq5d_index,0,1,1,-0.132,0.94,0.931,0.068,86
NCT00558259,eq5d_index,0,1,2,0.218,0.909,0.789,0.085,100
NCT00558259,eq5d_index,1,0,0,-0.861,0.938,1.186,0.079,101
NCT00558259,eq5d_index,1,0,1,-0.252,0.922,1.009,0.077,75
NCT00558259,eq5d_index,1,0,2,0.123,0.881,0.908,0.097,125
NCT00558259,eq5d_index,1,1,0,-0.652,0.955,0.997,0.07,174
NCT00558259,eq5d_index,1,1,1,0.11,0.937,0.71,0.086,93
NCT00558259,eq5d_index,1,1,2,0.179,0.92,0.816,0.075,116
NCT00680186,eq5d_index,0,0,0,-0.811,0.816,1.136,0.101,109
NCT00680186,eq5d_index,0,0,1,-0.266,0.808,1.118,0.103,160
NCT00680186,eq5d_index,0,0,2,-0.068,0.806,1.082,0.106,238
NCT00680186,eq5d_index,0,1,0,-0.647,0.843,1.005,0.104,217
NCT00680186,eq5d_index,0,1,1,-0.326,0.831,1.012,0.098,236
NCT00680186,eq5d_index,0,1,2,-0.166,0.829,1.041,0.094,325
NCT00680186,eq5d_index,1,0,0,-0.64,0.808,1.206,0.096,122
NCT00680186,eq5d_index,1,0,1,-0.45,0.813,1.202,0.108,144
NCT00680186,eq5d_index,1,0,2,0.019,0.786,1.051,0.1,234
NCT00680186,eq5d_index,1,1,0,-0.686,0.857,0.957,0.101,220
NCT00680186,eq5d_index,1,1,1,-0.497,0.841,0.994,0.099,233
NCT00680186,eq5d_index,1,1,2,-0.171,0.835,1.011,0.101,330
NCT01209702,eq5d_index,0,0,0,-1.438,0.74,0.564,0.066,7
NCT01209702,eq5d_index,0,0,1,-0.267,0.859,0,0,1
NCT01209702,eq5d_index,0,0,2,-0.311,0.747,0.684,0.065,3
NCT01209702,eq5d_index,0,1,0,-1.677,0.79,0.67,0.083,20
NCT01209702,eq5d_index,0,1,1,-1.05,0.755,0.431,0.073,12
NCT01209702,eq5d_index,0,1,2,-0.175,0.756,0.874,0.085,8
NCT01209702,eq5d_index,1,0,0,-1.317,0.752,0.68,0.091,8
NCT01209702,eq5d_index,1,0,1,-1.089,0.728,1.067,0.029,3
NCT01209702,eq5d_index,1,0,2,-0.733,0.762,0.977,0.105,4
NCT01209702,eq5d_index,1,1,0,-1.409,0.778,0.582,0.096,23
NCT01209702,eq5d_index,1,1,1,-1.275,0.732,0.88,0.063,8
NCT01209702,eq5d_index,1,1,2,-0.653,0.674,0.896,0.02,5
NCT00734474,eq5d_index,0,0,0,-0.276,0.898,0.53,0.123,15
NCT00734474,eq5d_index,0,0,1,-0.468,0.92,0.626,0.086,40
NCT00734474,eq5d_index,0,0,2,-0.177,0.883,0.632,0.097,32
NCT00734474,eq5d_index,0,1,0,-0.6,0.978,0.695,0.038,29
NCT00734474,eq5d_index,0,1,1,-0.402,0.957,0.553,0.071,27
NCT00734474,eq5d_index,0,1,2,-0.257,0.917,0.482,0.074,33
NCT00734474,eq5d_index,1,0,0,-0.678,0.919,0.706,0.093,40
NCT00734474,eq5d_index,1,0,1,-0.432,0.888,0.69,0.089,57
NCT00734474,eq5d_index,1,0,2,-0.366,0.886,0.703,0.093,58
NCT00734474,eq5d_index,1,1,0,-0.656,0.942,0.613,0.087,42
NCT00734474,eq5d_index,1,1,1,-0.423,0.948,0.735,0.079,47
NCT00734474,eq5d_index,1,1,2,-0.322,0.919,0.5,0.078,57
NCT01064687,eq5d_index,0,0,0,-0.733,1,0,0,2
NCT01064687,eq5d_index,0,0,1,-0.467,0.937,0,0,1
NCT01064687,eq5d_index,0,0,2,-0.233,0.898,1.084,0.055,2
NCT01064687,eq5d_index,0,1,0,-1.167,1,0.236,0,2
NCT01064687,eq5d_index,0,1,1,-0.187,0.899,0.953,0.114,5
NCT01064687,eq5d_index,0,1,2,0.147,0.959,0.272,0.062,5
NCT01064687,eq5d_index,1,0,0,-0.543,0.916,0.866,0.085,7
NCT01064687,eq5d_index,1,0,1,-0.552,0.936,0.722,0.088,33
NCT01064687,eq5d_index,1,0,2,-0.241,0.908,0.572,0.088,76
NCT01064687,eq5d_index,1,1,0,-0.254,0.984,0.621,0.049,16
NCT01064687,eq5d_index,1,1,1,-0.419,0.953,0.597,0.069,56
NCT01064687,eq5d_index,1,1,2,-0.128,0.93,0.664,0.075,91
NCT01075282,eq5d_index,0,0,0,-0.686,0.906,0.663,0.102,28
NCT01075282,eq5d_index,0,0,1,-0.256,0.91,0.61,0.096,55
NCT01075282,eq5d_index,0,0,2,-0.057,0.893,0.554,0.094,53
NCT01075282,eq5d_index,0,1,0,-0.417,0.968,0.717,0.066,32
NCT01075282,eq5d_index,0,1,1,-0.233,0.953,0.547,0.07,58
NCT01075282,eq5d_index,0,1,2,0.039,0.936,0.524,0.084,46
NCT01075282,eq5d_index,1,0,0,-0.411,0.928,0.817,0.071,24
NCT01075282,eq5d_index,1,0,1,-0.343,0.929,0.678,0.078,47
NCT01075282,eq5d_index,1,0,2,-0.23,0.883,0.59,0.099,60
NCT01075282,eq5d_index,1,1,0,-0.568,0.962,0.642,0.059,33
NCT01075282,eq5d_index,1,1,1,-0.298,0.944,0.6,0.08,67
NCT01075282,eq5d_index,1,1,2,0.013,0.955,0.575,0.069,45
NCT01164501,eq5d_index,0,0,0,0.328,0.91,0.507,0.084,103
NCT01164501,eq5d_index,0,0,1,-0.031,0.886,0.734,0.086,26
NCT01164501,eq5d_index,0,0,2,0.074,0.929,0.708,0.086,9
NCT01164501,eq5d_index,0,1,0,0.303,0.948,0.583,0.068,150
NCT01164501,eq5d_index,0,1,1,0.3,0.94,0.595,0.072,20
NCT01164501,eq5d_index,0,1,2,0.212,0.926,0.567,0.085,11
NCT01164501,eq5d_index,1,0,0,0.238,0.919,0.626,0.093,107
NCT01164501,eq5d_index,1,0,1,0.337,0.87,0.618,0.102,17
NCT01164501,eq5d_index,1,0,2,0.708,0.903,0.439,0.118,8
NCT01164501,eq5d_index,1,1,0,0.26,0.942,0.595,0.076,145
NCT01164501,eq5d_index,1,1,1,0.223,0.951,0.55,0.058,32
NCT01164501,eq5d_index,1,1,2,0.206,0.951,0.543,0.059,12
NCT01191268,eq5d_index,0,0,0,-0.394,0.911,0.499,0.104,11
NCT01191268,eq5d_index,0,0,1,-0.096,0.914,0.489,0.072,36
NCT01191268,eq5d_index,0,0,2,-0.031,0.912,0.648,0.084,85
NCT01191268,eq5d_index,0,1,0,-0.373,0.92,0.488,0.098,20
NCT01191268,eq5d_index,0,1,1,-0.076,0.939,0.55,0.084,60
NCT01191268,eq5d_index,0,1,2,0.069,0.922,0.65,0.082,86
NCT01191268,eq5d_index,1,0,0,-0.35,0.902,0.702,0.09,16
NCT01191268,eq5d_index,1,0,1,-0.203,0.893,0.555,0.092,44
NCT01191268,eq5d_index,1,0,2,-0.132,0.886,0.534,0.09,78
NCT01191268,eq5d_index,1,1,0,-0.32,0.953,0.63,0.07,20
NCT01191268,eq5d_index,1,1,1,-0.251,0.948,0.754,0.069,58
NCT01191268,eq5d_index,1,1,2,0.112,0.942,0.605,0.077,83
NCT01624259,eq5d_index,0,0,0,-0.642,0.977,0.835,0.055,27
NCT01624259,eq5d_index,0,0,1,-0.275,0.961,0.595,0.063,56
NCT01624259,eq5d_index,0,0,2,-0.081,0.919,0.697,0.085,68
NCT01624259,eq5d_index,0,1,0,-0.389,0.963,0.732,0.06,30
NCT01624259,eq5d_index,0,1,1,-0.28,0.966,0.574,0.06,54
NCT01624259,eq5d_index,0,1,2,-0.103,0.94,0.556,0.075,65
NCT01624259,eq5d_index,1,0,0,-0.44,0.96,0.742,0.053,37
NCT01624259,eq5d_index,1,0,1,-0.331,0.964,0.492,0.065,50
NCT01624259,eq5d_index,1,0,2,-0.112,0.912,0.622,0.096,74
NCT01624259,eq5d_index,1,1,0,-0.352,0.967,0.709,0.054,32
NCT01624259,eq5d_index,1,1,1,-0.354,0.961,0.634,0.056,51
NCT01624259,eq5d_index,1,1,2,-0.138,0.932,0.537,0.082,55
NCT01719003,eq5d_index,0,0,0,-0.722,0.951,0.785,0.071,59
NCT01719003,eq5d_index,0,0,1,-0.333,0.949,0.741,0.055,14
NCT01719003,eq5d_index,0,0,2,-1.089,0.844,0.743,0.086,3
NCT01719003,eq5d_index,0,1,0,-0.419,0.949,0.663,0.075,65
NCT01719003,eq5d_index,0,1,1,-0.454,0.954,0.704,0.073,26
NCT01719003,eq5d_index,0,1,2,-0.178,0.922,0.102,0.086,3
NCT01719003,eq5d_index,1,0,0,-1.025,0.926,0.813,0.065,8
NCT01719003,eq5d_index,1,0,1,-0.567,0.836,0.613,0.05,2
NCT01719003,eq5d_index,1,0,2,-0.533,0.79,0.471,0.055,2
NCT01719003,eq5d_index,1,1,0,-0.503,0.921,0.644,0.079,29
NCT01719003,eq5d_index,1,1,1,-0.709,1,0.621,0,11
NCT01719003,eq5d_index,1,1,2,-1.533,1,0,0,1
NCT00410384,eq5d_index,0,0,0,-1.333,0.793,1.187,0.058,6
NCT00410384,eq5d_index,0,0,1,-1.75,0.849,0.687,0.103,69
NCT00410384,eq5d_index,0,0,2,-1.182,0.815,0.741,0.092,177
NCT00410384,eq5d_index,0,1,1,-2.1,0.893,0.578,0.088,6
NCT00410384,eq5d_index,0,1,2,-0.973,0.824,0.914,0.114,17
NCT00410384,eq5d_index,1,0,0,-1.273,0.853,0.738,0.098,10
NCT00410384,eq5d_index,1,0,1,-1.538,0.839,0.76,0.102,54
NCT00410384,eq5d_index,1,0,2,-1.256,0.815,0.722,0.093,195
NCT00410384,eq5d_index,1,1,1,-0.667,0.858,0.133,0.043,3
NCT00410384,eq5d_index,1,1,2,-1.017,0.865,0.878,0.092,12
NCT01358578,eq5d_index,0,0,0,-1.012,0.813,0.734,0.095,11
NCT01358578,eq5d_index,0,0,1,-1.467,0.896,0,0,1
NCT01358578,eq5d_index,0,0,2,-1.467,0.788,0,0,1
NCT01358578,eq5d_index,0,1,0,-1.154,0.864,0.898,0.069,16
NCT01358578,eq5d_index,0,1,1,-0.8,0.773,1.414,0.021,2
NCT01358578,eq5d_index,1,0,0,-1.21,0.837,0.962,0.09,70
NCT01358578,eq5d_index,1,0,1,-1.467,0.866,1.054,0.065,4
NCT01358578,eq5d_index,1,0,2,0.867,0.788,0,0,1
NCT01358578,eq5d_index,1,1,0,-0.951,0.846,0.875,0.099,157
NCT01358578,eq5d_index,1,1,1,-0.939,0.883,0.717,0.104,12
NCT01358578,eq5d_index,1,1,2,-1.633,0.912,0.236,0.035,2
NCT01365455,eq5d_index,0,0,0,-0.952,0.831,0.899,0.12,11
NCT01365455,eq5d_index,0,0,1,-0.467,0.84,0.577,0.094,3
NCT01365455,eq5d_index,0,0,2,-0.8,0.879,0,0,1
NCT01365455,eq5d_index,0,1,0,-1.056,0.818,0.655,0.09,13
NCT01365455,eq5d_index,0,1,1,-1.244,0.814,0.694,0.107,3
NCT01365455,eq5d_index,0,1,2,0.533,0.937,0,0,1
NCT01365455,eq5d_index,1,0,0,-1.051,0.849,0.97,0.11,57
NCT01365455,eq5d_index,1,0,1,-0.77,0.795,0.888,0.091,11
NCT01365455,eq5d_index,1,0,2,-2.133,0.802,0.333,0.118,3
NCT01365455,eq5d_index,1,1,0,-1.012,0.889,0.863,0.094,124
NCT01365455,eq5d_index,1,1,1,-1,0.886,1.012,0.098,30
NCT01365455,eq5d_index,1,1,2,-0.856,0.804,1.104,0.072,6
NCT01335464,eq5d_index,0,0,0,0.1,0.847,0.65,0.144,4
NCT01335464,eq5d_index,0,0,1,0.326,0.851,0.601,0.086,9
NCT01335464,eq5d_index,0,0,2,0.562,0.868,0.626,0.083,28
NCT01335464,eq5d_index,0,1,0,0.195,0.936,0.478,0.088,40
NCT01335464,eq5d_index,0,1,1,0.437,0.9,0.584,0.089,36
NCT01335464,eq5d_index,0,1,2,0.58,0.899,0.488,0.084,88
NCT01335464,eq5d_index,1,0,0,0.144,0.9,0.433,0.137,6
NCT01335464,eq5d_index,1,0,1,0.373,0.888,0.714,0.132,5
NCT01335464,eq5d_index,1,0,2,0.614,0.861,0.567,0.086,46
NCT01335464,eq5d_index,1,1,0,0.24,0.925,0.531,0.088,47
NCT01335464,eq5d_index,1,1,1,0.328,0.924,0.63,0.088,55
NCT01335464,eq5d_index,1,1,2,0.541,0.888,0.51,0.094,149
NCT01335477,eq5d_index,0,0,0,0.35,0.881,0.275,0.099,8
NCT01335477,eq5d_index,0,0,1,0.733,0.875,0.742,0.159,7
NCT01335477,eq5d_index,0,0,2,0.396,0.868,0.537,0.094,33
NCT01335477,eq5d_index,0,1,0,0.311,0.899,0.493,0.103,39
NCT01335477,eq5d_index,0,1,1,0.388,0.92,0.515,0.092,33
NCT01335477,eq5d_index,0,1,2,0.579,0.882,0.465,0.104,99
NCT01335477,eq5d_index,1,0,0,0.233,0.878,0.372,0.123,6
NCT01335477,eq5d_index,1,0,1,0.039,0.871,0.38,0.106,12
NCT01335477,eq5d_index,1,0,2,0.495,0.836,0.485,0.115,55
NCT01335477,eq5d_index,1,1,0,0.244,0.928,0.571,0.086,47
NCT01335477,eq5d_index,1,1,1,0.352,0.93,0.533,0.083,71
NCT01335477,eq5d_index,1,1,2,0.533,0.901,0.505,0.09,139
NCT00125918,eq5d_index,0,0,0,-0.8,0.886,0.619,0.063,7
NCT00125918,eq5d_index,0,0,1,-0.655,0.814,1.086,0.09,17
NCT00125918,eq5d_index,0,0,2,-0.35,0.832,0.931,0.093,40
NCT00125918,eq5d_index,0,1,0,-0.333,0.895,1.401,0.063,7
NCT00125918,eq5d_index,0,1,1,0.567,0.819,0.896,0.014,2
NCT00125918,eq5d_index,0,1,2,0.158,0.788,1.083,0.098,8
NCT00125918,eq5d_index,1,0,0,-1.404,0.854,1.012,0.085,15
NCT00125918,eq5d_index,1,0,1,-0.871,0.82,0.794,0.089,15
NCT00125918,eq5d_index,1,0,2,-0.225,0.801,0.991,0.074,29
NCT00125918,eq5d_index,1,1,0,-0.324,0.854,0.823,0.098,7
NCT00125918,eq5d_index,1,1,1,0.3,0.79,0.141,0.055,2
NCT00125918,eq5d_index,1,1,2,0.042,0.817,0.726,0.098,11
NCT00424476,eq5d_index,0,0,0,-1.848,0.886,0.808,0.091,28
NCT00424476,eq5d_index,0,0,1,-1.792,0.867,0.646,0.103,79
NCT00424476,eq5d_index,0,0,2,-1.399,0.848,0.82,0.1,160
NCT00424476,eq5d_index,0,1,0,-2.6,0.859,0,0,1
NCT00424476,eq5d_index,0,1,1,-1.867,0.898,0.708,0.079,4
NCT00424476,eq5d_index,0,1,2,-1.883,0.906,0.581,0.078,12
NCT00424476,eq5d_index,1,0,0,-1.482,0.854,0.728,0.093,22
NCT00424476,eq5d_index,1,0,1,-1.697,0.862,0.755,0.099,89
NCT00424476,eq5d_index,1,0,2,-1.63,0.848,0.713,0.107,158
NCT00424476,eq5d_index,1,1,0,-2.267,1,0,0,1
NCT00424476,eq5d_index,1,1,1,-1.911,0.799,0.888,0.036,3
NCT00424476,eq5d_index,1,1,2,-1.267,0.823,0.537,0.074,6
NCT00207766,sf36_mcs,0,0,0,-1.7208333333333332,64.03038388958662,0.45880278987817846,10.852934458588665,16
NCT00207766,sf36_mcs,0,0,1,-1.1564102564102565,49.49713825294841,0.7449843685619917,14.509878072573397,26
NCT00207766,sf36_mcs,0,0,2,-1.2344827586206897,50.93585677336542,0.7971418566184256,16.783889642883466,29
NCT00207766,sf36_mcs,0,1,0,-1.8453333333333333,63.63045014714599,0.7327573495594114,9.980463965800997,25
NCT00207766,sf36_mcs,0,1,1,-1.4047619047619049,50.2544733652342,0.6166225733795153,14.124356550149686,28
NCT00207766,sf36_mcs,0,1,2,-1.0912280701754387,57.61070226874292,0.8404027624412644,15.133038030091827,19
NCT00207766,sf36_mcs,1,0,0,-1.4466666666666668,51.53186216544421,0.5463756178577827,14.152120437491622,20
NCT00207766,sf36_mcs,1,0,1,-1.7859649122807018,57.3301905728366,0.59693825698398,15.62888655142066,19
NCT00207766,sf36_mcs,1,0,2,-1.2119047619047618,45.30091908309396,0.7518544582538814,16.69398725408616,28
NCT00207766,sf36_mcs,1,1,0,-1.4666666666666668,59.36369079070304,0.8110350040397626,14.4102355926553,34
NCT00207766,sf36_mcs,1,1,1,-1.3568627450980393,56.75125291577927,0.7160622165979823,13.15891044922328,17
NCT00207766,sf36_mcs,1,1,2,-1.2222222222222223,54.980124914970546,0.6961268509349374,15.767942429009503,21
NCT00207766,sf36_pcs,0,0,0,-1.7208333333333332,67.40868904961864,0.45880278987817846,8.130643811245175,16
NCT00207766,sf36_pcs,0,0,1,-1.1564102564102565,52.537054864327594,0.7449843685619917,14.063446576535206,26
NCT00207766,sf36_pcs,0,0,2,-1.2344827586206897,53.305296428045146,0.7971418566184256,14.033536452319074,29
NCT00207766,sf36_pcs,0,1,0,-1.8453333333333333,63.94127699371282,0.7327573495594114,11.389811599505803,25
NCT00207766,sf36_pcs,0,1,1,-1.4047619047619049,56.0869156168735,0.6166225733795153,12.95011960020479,28
NCT00207766,sf36_pcs,0,1,2,-1.0912280701754387,59.51363267909976,0.8404027624412644,13.96908303244941,19
NCT00207766,sf36_pcs,1,0,0,-1.4466666666666668,54.79307261414761,0.5463756178577827,13.222304169909853,20
NCT00207766,sf36_pcs,1,0,1,-1.7859649122807018,58.14583470190496,0.59693825698398,14.626606351527112,19
NCT00207766,sf36_pcs,1,0,2,-1.2119047619047618,48.40673764773533,0.7518544582538814,15.42998943098802,28
NCT00207766,sf36_pcs,1,1,0,-1.4666666666666668,61.729822453603084,0.8110350040397626,13.146175475348016,34
NCT00207766,sf36_pcs,1,1,1,-1.3568627450980393,53.27146482952338,0.7160622165979823,14.388174551875549,17
NCT00207766,sf36_pcs,1,1,2,-1.2222222222222223,61.33261090368578,0.6961268509349374,14.336595473188124,21
NCT00231595,sf36_mcs,0,0,1,-1.2838709677419355,60.2218929610356,0.7717789992928129,14.741903741805316,93
NCT00231595,sf36_mcs,0,1,1,-1.6592592592592592,62.863033364176765,0.7451416109264463,14.882583546686744,18
NCT00231595,sf36_mcs,1,0,1,-1.344126984126984,58.866027996647176,0.7493657608598377,13.44679281013487,105
NCT00231595,sf36_mcs,1,1,1,-1.0333333333333334,64.09537471261942,0.9330952077181979,12.05840852306448,6
NCT00231595,sf36_pcs,0,0,1,-1.2838709677419355,64.1407697252471,0.7717789992928129,11.760631486480465,93
NCT00231595,sf36_pcs,0,1,1,-1.6592592592592592,67.78084118668689,0.7451416109264463,14.675463191378265,18
NCT00231595,sf36_pcs,1,0,1,-1.344126984126984,61.9311940895091,0.7493657608598377,12.841391790556912,105
NCT00231595,sf36_pcs,1,1,1,-1.0333333333333334,67.46319103508681,0.9330952077181979,10.295093056684747,6
NCT00236028,sf36_mcs,0,0,0,-0.984,50.85331578028558,0.8126507252203748,15.29600751297014,75
NCT00236028,sf36_mcs,0,0,1,-0.6674897119341564,44.792111400513015,0.874864676974578,15.147096102777946,81
NCT00236028,sf36_mcs,0,0,2,-0.4444444444444444,44.8358421183424,0.7938510125958335,14.350616778856478,66
NCT00236028,sf36_mcs,0,1,0,-0.8924731182795699,53.962774673655034,0.8667824571119268,12.158801293784347,31
NCT00236028,sf36_mcs,0,1,1,-0.43768115942028984,50.57038543652103,0.7753333820465661,15.85131215953171,23
NCT00236028,sf36_mcs,0,1,2,-0.19333333333333333,47.55914335984317,0.8806961626997998,14.54292130963299,20
NCT00236028,sf36_mcs,1,0,0,-1.067391304347826,46.928878970827355,0.8419695826116362,16.326306096912013,92
NCT00236028,sf36_mcs,1,0,1,-0.8430555555555556,45.78649738113357,0.838153312144544,13.937816727219616,96
NCT00236028,sf36_mcs,1,0,2,-0.47562189054726367,44.24823187267609,0.7001582815170031,12.88108205440922,67
NCT00236028,sf36_mcs,1,1,0,-0.9053333333333333,54.36300243391964,0.6812140689311625,17.613132234805757,50
NCT00236028,sf36_mcs,1,1,1,-0.27286821705426356,50.89420229150717,0.7877117020877655,15.147005331831616,43
NCT00236028,sf36_mcs,1,1,2,-0.09195402298850576,47.13402027847641,0.6815979807294239,17.140414587903003,29
NCT00236028,sf36_pcs,0,0,0,-0.984,42.14143708628506,0.8126507252203748,12.19468931767204,75
NCT00236028,sf36_pcs,0,0,1,-0.6674897119341564,39.72597890513259,0.874864676974578,11.770563343089439,81
NCT00236028,sf36_pcs,0,0,2,-0.4444444444444444,39.18988591748469,0.7938510125958335,11.227251787882098,66
NCT00236028,sf36_pcs,0,1,0,-0.8924731182795699,44.08631954753823,0.8667824571119268,13.045757862667584,31
NCT00236028,sf36_pcs,0,1,1,-0.43768115942028984,40.865774294237994,0.7753333820465661,8.558220779955818,23
NCT00236028,sf36_pcs,0,1,2,-0.19333333333333333,39.16642215507152,0.8806961626997998,11.126567065574147,20
NCT00236028,sf36_pcs,1,0,0,-1.067391304347826,42.27657697577213,0.8419695826116362,13.285991873369419,92
NCT00236028,sf36_pcs,1,0,1,-0.8430555555555556,38.09523190806536,0.838153312144544,10.391557323098866,96
NCT00236028,sf36_pcs,1,0,2,-0.47562189054726367,37.456252247608234,0.7001582815170031,9.971857519158105,67
NCT00236028,sf36_pcs,1,1,0,-0.9053333333333333,43.840816724266894,0.6812140689311625,13.988795779117519,50
NCT00236028,sf36_pcs,1,1,1,-0.27286821705426356,38.960300644065086,0.7877117020877655,13.113879384957324,43
NCT00236028,sf36_pcs,1,1,2,-0.09195402298850576,40.24333800528082,0.6815979807294239,12.953049661432235,29
NCT00264537,sf36_mcs,0,0,0,-1.0976190476190477,41.72374053093379,0.7878844488641115,14.73492287060915,56
NCT00264537,sf36_mcs,0,0,1,-0.6651515151515152,43.67229028274237,0.8192122814258797,14.917063458375152,44
NCT00264537,sf36_mcs,0,0,2,-0.43137254901960786,44.304001015804594,0.8705020485888278,15.830065268016654,34
NCT00264537,sf36_mcs,0,1,0,-1.0333333333333334,51.20378663953169,0.7023769168568493,14.866192747123478,12
NCT00264537,sf36_mcs,0,1,1,-0.15238095238095237,55.89860672579649,0.6082327596792941,14.467351808851769,7
NCT00264537,sf36_mcs,0,1,2,-0.3238095238095238,42.19707464892074,1.07181298218629,11.562918068684782,7
NCT00264537,sf36_mcs,1,0,0,-0.9303030303030303,42.21720713469801,0.774256939165482,15.686837795754808,44
NCT00264537,sf36_mcs,1,0,1,-0.6955974842767295,46.97735594044612,0.756906596317607,13.873440860554766,53
NCT00264537,sf36_mcs,1,0,2,-0.22380952380952382,37.921659571736285,0.7971583865451527,14.375189092883918,28
NCT00264537,sf36_mcs,1,1,0,-0.9916666666666667,48.629838186374954,0.6314592154215035,14.99061167739308,16
NCT00264537,sf36_mcs,1,1,1,-0.09047619047619047,56.299611294291765,0.6338632831949346,20.006076824778898,14
NCT00264537,sf36_mcs,1,1,2,-0.5666666666666667,46.49160436873403,0.17638342073763935,22.14160496272739,4
NCT00264537,sf36_pcs,0,0,0,-1.0976190476190477,37.298955492412205,0.7878844488641115,10.928754888639505,56
NCT00264537,sf36_pcs,0,0,1,-0.6651515151515152,39.074579101962954,0.8192122814258797,10.194962750905141,44
NCT00264537,sf36_pcs,0,0,2,-0.43137254901960786,38.260367160682186,0.8705020485888278,12.450932497146736,34
NCT00264537,sf36_pcs,0,1,0,-1.0333333333333334,42.37439821148523,0.7023769168568493,15.020723735359963,12
NCT00264537,sf36_pcs,0,1,1,-0.15238095238095237,41.11040888768793,0.6082327596792941,17.26723945677805,7
NCT00264537,sf36_pcs,0,1,2,-0.3238095238095238,37.98677143760066,1.07181298218629,3.3479993145212026,7
NCT00264537,sf36_pcs,1,0,0,-0.9303030303030303,39.02150412468473,0.774256939165482,12.605045868570027,44
NCT00264537,sf36_pcs,1,0,1,-0.6955974842767295,41.066058239554145,0.756906596317607,11.926283715481333,53
NCT00264537,sf36_pcs,1,0,2,-0.22380952380952382,37.439047413476736,0.7971583865451527,10.641236356921464,28
NCT00264537,sf36_pcs,1,1,0,-0.9916666666666667,39.22874465703461,0.6314592154215035,10.483705571625872,16
NCT00264537,sf36_pcs,1,1,1,-0.09047619047619047,39.41079501266124,0.6338632831949346,7.789563340717925,14
NCT00264537,sf36_pcs,1,1,2,-0.5666666666666667,42.85199987294437,0.17638342073763935,17.63654732501899,4
NCT00264550,sf36_mcs,0,0,0,-1.1213675213675214,48.51527417461539,0.6028920155601257,12.87488988348629,39
NCT00264550,sf36_mcs,0,0,1,-0.51,49.29923564607438,0.7910539689340935,13.247316820085766,40
NCT00264550,sf36_mcs,0,0,2,-0.24444444444444444,43.02631475002471,0.7172389232692009,14.524958234521655,30
NCT00264550,sf36_mcs,0,1,0,-0.5925925925925926,53.784364547811236,0.9353813508964878,13.976945726859975,9
NCT00264550,sf36_mcs,0,1,1,-0.05925925925925926,61.36428352732688,0.41958239085553795,10.573881705030976,9
NCT00264550,sf36_mcs,0,1,2,-0.12222222222222219,55.17917651048561,0.8552236008246074,4.092435085393465,6
NCT00264550,sf36_mcs,1,0,0,-0.9666666666666667,51.82259700116924,0.7419039398323056,12.375573960833023,30
NCT00264550,sf36_mcs,1,0,1,-0.7555555555555555,43.010199517727635,0.627058700903739,19.012662463856746,18
NCT00264550,sf36_mcs,1,0,2,-0.37777777777777777,41.248719994309575,0.5244428068426082,12.816643047591457,24
NCT00264550,sf36_mcs,1,1,0,-0.92,48.34981849164176,0.6487595000374862,14.898683304638714,5
NCT00264550,sf36_mcs,1,1,1,-0.15,56.79986497714664,0.9270194600789561,18.617764325272358,8
NCT00264550,sf36_mcs,1,1,2,-0.41666666666666663,46.974666524631566,0.6356682106839023,6.327219798118854,4
NCT00264550,sf36_pcs,0,0,0,-1.1213675213675214,45.12828861503911,0.6028920155601257,11.428549995336782,39
NCT00264550,sf36_pcs,0,0,1,-0.51,43.025553071273855,0.7910539689340935,11.260166576794497,40
NCT00264550,sf36_pcs,0,0,2,-0.24444444444444444,37.83984991878374,0.7172389232692009,12.933900176844984,30
NCT00264550,sf36_pcs,0,1,0,-0.5925925925925926,48.60695484933199,0.9353813508964878,16.907053526824125,9
NCT00264550,sf36_pcs,0,1,1,-0.05925925925925926,47.89089189164959,0.41958239085553795,11.028288957618027,9
NCT00264550,sf36_pcs,0,1,2,-0.12222222222222219,42.51343571996112,0.8552236008246074,11.071270774483471,6
NCT00264550,sf36_pcs,1,0,0,-0.9666666666666667,41.78507250441093,0.7419039398323056,10.07345091071943,30
NCT00264550,sf36_pcs,1,0,1,-0.7555555555555555,34.44469754061645,0.627058700903739,13.468790538369241,18
NCT00264550,sf36_pcs,1,0,2,-0.37777777777777777,39.5250889436449,0.5244428068426082,11.992776083346602,24
NCT00264550,sf36_pcs,1,1,0,-0.92,43.961270182501984,0.6487595000374862,12.886039238945452,5
NCT00264550,sf36_pcs,1,1,1,-0.15,45.04893985572739,0.9270194600789561,17.291624163923842,8
NCT00264550,sf36_pcs,1,1,2,-0.41666666666666663,38.34603787313195,0.6356682106839023,9.898852870358965,4
NCT00265083,sf36_mcs,0,0,0,-1.5666666666666667,47.00098528909185,0.9349985145561581,19.156796525639106,6
NCT00265083,sf36_mcs,0,0,1,-1.1818181818181819,50.60332470294965,0.9517660352516188,11.360558084114276,11
NCT00265083,sf36_mcs,0,0,2,-0.5111111111111111,55.04214425907978,0.5260615370284552,13.596200116929758,6
NCT00265083,sf36_mcs,0,1,0,-1.3977777777777778,52.59042431012062,0.7757795897695025,12.756486973939442,30
NCT00265083,sf36_mcs,0,1,1,-1.5644444444444445,49.01279217773056,0.8957985412217562,14.7239503858649,15
NCT00265083,sf36_mcs,0,1,2,-1.0266666666666666,45.21549465954989,0.7705697747626609,12.226951861967827,10
NCT00265083,sf36_mcs,1,0,0,-1.5777777777777777,40.51421324152153,0.5524356842069358,14.081958668606346,15
NCT00265083,sf36_mcs,1,0,1,-1.1851851851851851,42.44413747538453,0.6839162718909043,13.15156971969391,18
NCT00265083,sf36_mcs,1,0,2,-0.6592592592592592,43.706107497673,0.870149696217358,16.180104224979132,9
NCT00265083,sf36_mcs,1,1,0,-1.738888888888889,51.682596225418166,0.6013119357947551,14.101896354077384,48
NCT00265083,sf36_mcs,1,1,1,-1.4727272727272727,48.521289230728286,0.8073212971101882,15.807122387812441,33
NCT00265083,sf36_mcs,1,1,2,-1,48.153758591196016,0.7184087354084101,14.382365239445013,17
NCT00265083,sf36_pcs,0,0,0,-1.5666666666666667,47.082578688203576,0.9349985145561581,13.965422136723511,6
NCT00265083,sf36_pcs,0,0,1,-1.1818181818181819,43.05273169436345,0.9517660352516188,7.864143404998465,11
NCT00265083,sf36_pcs,0,0,2,-0.5111111111111111,39.01056886859213,0.5260615370284552,11.339554845535792,6
NCT00265083,sf36_pcs,0,1,0,-1.3977777777777778,42.362166397988396,0.7757795897695025,10.620136167735616,30
NCT00265083,sf36_pcs,0,1,1,-1.5644444444444445,46.7126685108996,0.8957985412217562,8.488999532581536,15
NCT00265083,sf36_pcs,0,1,2,-1.0266666666666666,36.69908537452546,0.7705697747626609,9.287834186857417,10
NCT00265083,sf36_pcs,1,0,0,-1.5777777777777777,42.18414485299221,0.5524356842069358,10.555104583628456,15
NCT00265083,sf36_pcs,1,0,1,-1.1851851851851851,41.656199439037294,0.6839162718909043,10.459861833585117,18
NCT00265083,sf36_pcs,1,0,2,-0.6592592592592592,34.56644999073081,0.870149696217358,7.791834377180134,9
NCT00265083,sf36_pcs,1,1,0,-1.738888888888889,48.232265034226785,0.6013119357947551,13.197036110786069,48
NCT00265083,sf36_pcs,1,1,1,-1.4727272727272727,43.59850702873289,0.8073212971101882,10.590985159338501,33
NCT00265083,sf36_pcs,1,1,2,-1,40.779175537733984,0.7184087354084101,11.298975671531302,17
NCT00265096,sf36_mcs,0,0,0,-1.0307692307692307,53.07188053282268,0.6461368875810122,14.771419123221659,13
NCT00265096,sf36_mcs,0,0,1,-0.7568627450980392,49.71717818385651,0.5602287114655289,16.47250619747325,17
NCT00265096,sf36_mcs,0,0,2,-0.680952380952381,53.409241767635315,0.8153143471922255,14.288287466335262,14
NCT00265096,sf36_mcs,0,1,0,-0.8906666666666666,55.01119268284649,0.7348166815985845,13.910712817949127,25
NCT00265096,sf36_mcs,0,1,1,-0.9904761904761905,56.574284121306185,0.7858238392973297,14.131651781014021,28
NCT00265096,sf36_mcs,0,1,2,-0.7708333333333334,52.84859651602503,0.6071030176782801,14.825180676772717,16
NCT00265096,sf36_mcs,1,0,0,-0.832,50.74612528163264,0.8507338879744641,13.355047886710773,25
NCT00265096,sf36_mcs,1,0,1,-0.8421052631578947,46.19872212051426,0.6574212721268109,14.47040688145921,19
NCT00265096,sf36_mcs,1,0,2,-0.6458333333333334,39.420688939144156,0.5986249676148264,11.46856414571026,16
NCT00265096,sf36_mcs,1,1,0,-1.0175438596491229,55.30256772348356,0.7794175403649474,13.345111081435856,38
NCT00265096,sf36_mcs,1,1,1,-0.691358024691358,53.444565775098624,0.6229645551503921,19.02592370426575,27
NCT00265096,sf36_mcs,1,1,2,-0.4920634920634921,52.80386977618875,0.6823085618288646,14.893492315542835,21
NCT00265096,sf36_pcs,0,0,0,-1.0307692307692307,42.57022535059017,0.6461368875810122,10.527359566224705,13
NCT00265096,sf36_pcs,0,0,1,-0.7568627450980392,44.07870623574604,0.5602287114655289,17.965787153104245,17
NCT00265096,sf36_pcs,0,0,2,-0.680952380952381,43.75305498246721,0.8153143471922255,16.952672210140292,14
NCT00265096,sf36_pcs,0,1,0,-0.8906666666666666,50.717625260012724,0.7348166815985845,14.270770721079789,25
NCT00265096,sf36_pcs,0,1,1,-0.9904761904761905,44.654984504832626,0.7858238392973297,11.492785274626561,28
NCT00265096,sf36_pcs,0,1,2,-0.7708333333333334,44.617556501135056,0.6071030176782801,11.915170999070966,16
NCT00265096,sf36_pcs,1,0,0,-0.832,41.94059023683847,0.8507338879744641,11.820316448113468,25
NCT00265096,sf36_pcs,1,0,1,-0.8421052631578947,45.17631012130262,0.6574212721268109,12.54235447654553,19
NCT00265096,sf36_pcs,1,0,2,-0.6458333333333334,38.342012015476826,0.5986249676148264,10.877400127909869,16
NCT00265096,sf36_pcs,1,1,0,-1.0175438596491229,50.1182201887746,0.7794175403649474,12.696422906814114,38
NCT00265096,sf36_pcs,1,1,1,-0.691358024691358,47.653363893431376,0.6229645551503921,15.249432171423042,27
NCT00265096,sf36_pcs,1,1,2,-0.4920634920634921,47.677359114091765,0.6823085618288646,12.184146183730174,21
NCT00267969,sf36_mcs,0,0,0,-1.2102564102564102,63.661230101566986,0.7282715751555097,13.779999704169748,26
NCT00267969,sf36_mcs,0,0,1,-1.1407407407407406,63.309966218870876,0.8859674212999811,16.03024759537486,9
NCT00267969,sf36_mcs,0,0,2,-1.1833333333333333,51.86199110698417,0.7146612769282668,14.684033782414685,4
NCT00267969,sf36_mcs,0,1,0,-1.151190476190476,65.38210156473815,0.737836429977944,13.562414327239447,56
NCT00267969,sf36_mcs,0,1,1,-0.41568627450980394,67.62971757286871,0.6950337368968765,12.693145554814008,17
NCT00267969,sf36_mcs,0,1,2,-0.8755555555555555,56.91846233481028,0.7999470881973031,18.56431511197515,15
NCT00267969,sf36_mcs,1,0,0,-0.7927272727272727,62.01775501757132,0.8324363298009436,14.932186653422196,55
NCT00267969,sf36_mcs,1,0,1,-1.1066666666666667,64.16409255339413,0.7399699693606191,13.54990059695879,20
NCT00267969,sf36_mcs,1,0,2,-1.0083333333333333,51.53719685176949,0.6368947484749115,17.14816722507499,8
NCT00267969,sf36_mcs,1,1,0,-0.9626865671641791,65.12710370131633,0.7295418593748456,13.418007699960889,134
NCT00267969,sf36_mcs,1,1,1,-0.9333333333333333,65.53922691707348,0.7392488680335526,12.167020902277892,26
NCT00267969,sf36_mcs,1,1,2,-0.6512820512820513,67.6033825525059,0.7124053393408611,14.476600432760462,13
NCT00267969,sf36_pcs,0,0,0,-1.2102564102564102,71.05477318815008,0.7282715751555097,12.412887662459145,26
NCT00267969,sf36_pcs,0,0,1,-1.1407407407407406,64.54743625232979,0.8859674212999811,17.42022278874147,9
NCT00267969,sf36_pcs,0,0,2,-1.1833333333333333,61.342382342872924,0.7146612769282668,12.933818937155841,4
NCT00267969,sf36_pcs,0,1,0,-1.151190476190476,70.37476647058112,0.737836429977944,13.924558675524148,56
NCT00267969,sf36_pcs,0,1,1,-0.41568627450980394,67.81761689877018,0.6950337368968765,16.0158443554809,17
NCT00267969,sf36_pcs,0,1,2,-0.8755555555555555,54.96575054217451,0.7999470881973031,17.681298838181903,15
NCT00267969,sf36_pcs,1,0,0,-0.7927272727272727,67.81415074838486,0.8324363298009436,12.57219058765214,55
NCT00267969,sf36_pcs,1,0,1,-1.1066666666666667,66.72799118626853,0.7399699693606191,12.131044103891005,20
NCT00267969,sf36_pcs,1,0,2,-1.0083333333333333,50.8083806536243,0.6368947484749115,14.48752671947101,8
NCT00267969,sf36_pcs,1,1,0,-0.9626865671641791,68.66568898240043,0.7295418593748456,12.652358918696656,134
NCT00267969,sf36_pcs,1,1,1,-0.9333333333333333,66.27474194361875,0.7392488680335526,12.780115093168636,26
NCT00267969,sf36_pcs,1,1,2,-0.6512820512820513,69.1107283415914,0.7124053393408611,12.257273806473194,13
NCT00361335,sf36_mcs,0,0,0,-0.7205128205128205,47.98029637153101,0.902543414681319,16.955252741559207,26
NCT00361335,sf36_mcs,0,0,1,-0.7,45.17506716559993,0.7240458716424149,16.697129529733925,34
NCT00361335,sf36_mcs,0,0,2,-0.6046511627906976,48.41296353130382,0.7006263786821257,14.1078027691518,43
NCT00361335,sf36_mcs,0,1,0,-1.038888888888889,48.27928044794607,0.4471759496734255,17.997029325953207,12
NCT00361335,sf36_mcs,0,1,1,-0.6476190476190476,54.86304520600395,0.8517644307569116,8.7625568420390465,7
NCT00361335,sf36_mcs,0,1,2,0.2,57.16632326253341,0.23726840560069581,16.23078786702443,7
NCT00361335,sf36_mcs,1,0,0,-1.288,44.74506197670335,0.6854898221682773,12.284410887556103,25
NCT00361335,sf36_mcs,1,0,1,-0.6304761904761905,45.08717800190273,0.6504584320324045,12.236341025666054,35
NCT00361335,sf36_mcs,1,0,2,-0.5503875968992248,47.414431998269464,0.7137490293370193,15.492502577204343,43
NCT00361335,sf36_mcs,1,1,0,-0.725,61.140681857793645,0.49689512163510113,14.50484522550432,8
NCT00361335,sf36_mcs,1,1,1,-0.14444444444444443,64.86148738675374,0.739268908123775,8.325557747984405,6
NCT00361335,sf36_mcs,1,1,2,-0.3939393939393939,46.833625450591505,0.5988541246633128,18.732206686722968,11
NCT00361335,sf36_pcs,0,0,0,-0.7205128205128205,42.40954409030357,0.902543414681319,11.136895502645263,26
NCT00361335,sf36_pcs,0,0,1,-0.7,37.08344150554976,0.7240458716424149,11.050530268998337,34
NCT00361335,sf36_pcs,0,0,2,-0.6046511627906976,39.93732576162005,0.7006263786821257,12.376097105539548,43
NCT00361335,sf36_pcs,0,1,0,-1.038888888888889,40.090122532173005,0.4471759496734255,15.10266256547013,12
NCT00361335,sf36_pcs,0,1,1,-0.6476190476190476,42.18259805150478,0.8517644307569116,17.322082083929104,7
NCT00361335,sf36_pcs,0,1,2,0.2,46.14870287288947,0.23726840560069581,13.217942777878058,7
NCT00361335,sf36_pcs,1,0,0,-1.288,40.9382525301284,0.6854898221682773,11.224247096514041,25
NCT00361335,sf36_pcs,1,0,1,-0.6304761904761905,37.69299224112986,0.6504584320324045,12.012912995537645,35
NCT00361335,sf36_pcs,1,0,2,-0.5503875968992248,38.88466910739891,0.7137490293370193,11.700151966745693,43
NCT00361335,sf36_pcs,1,1,0,-0.725,51.8440345642243,0.49689512163510113,14.094385151794375,8
NCT00361335,sf36_pcs,1,1,1,-0.14444444444444443,49.93695687649131,0.739268908123775,13.576455517505178,6
NCT00361335,sf36_pcs,1,1,2,-0.3939393939393939,37.525196942774414,0.5988541246633128,12.001387242831235,11
NCT00487539,eq5d_index,0,0,0,-1.6896174863387978,0.851688524590164,0.6812717134455119,0.07683457142536958,61
NCT00487539,eq5d_index,0,0,1,-1.5169811320754718,0.8236603773584906,0.7699379107365035,0.0768167007573189,53
NCT00487539,eq5d_index,0,0,2,-0.8968253968253969,0.8313571428571429,0.9113797135773318,0.07883691763305775,42
NCT00487539,eq5d_index,0,1,0,-1.4939759036144578,0.8581951219512195,0.8978768177762962,0.09264380733561885,83
NCT00487539,eq5d_index,0,1,1,-1.4012345679012346,0.8467962962962963,0.9113761098149458,0.07026429341721147,54
NCT00487539,eq5d_index,0,1,2,-1.1,0.8727105263157895,0.8342157490217479,0.07789247887042991,38
NCT00487539,eq5d_index,1,0,0,-1.4559139784946236,0.8428548387096775,0.8907697944604286,0.08611122178431029,62
NCT00487539,eq5d_index,1,0,1,-1.3020408163265307,0.8628367346938776,0.9140976162330933,0.08563983373669627,49
NCT00487539,eq5d_index,1,0,2,-1.0216666666666667,0.842325,0.8875700686597238,0.07695832621853839,40
NCT00487539,eq5d_index,1,1,0,-1.6508333333333334,0.8559875,0.7607268528092664,0.09006488431167804,80
NCT00487539,eq5d_index,1,1,1,-1.3172043010752688,0.8614193548387097,0.8820150372203621,0.08205806588401975,62
NCT00487539,eq5d_index,1,1,2,-0.8491228070175438,0.869,0.9689081450374105,0.09034707850613984,38
NCT00487539,sf36_mcs,0,0,0,-1.6896174863387978,48.45937119040691,0.6812717134455119,13.922904467366605,61
NCT00487539,sf36_mcs,0,0,1,-1.5169811320754718,45.60955968864017,0.7699379107365035,13.22853704879242,53
NCT00487539,sf36_mcs,0,0,2,-0.8968253968253969,41.786002975740615,0.9113797135773318,14.711414066588839,42
NCT00487539,sf36_mcs,0,1,0,-1.4939759036144578,51.97005367190164,0.8978768177762962,17.83743030837691,83
NCT00487539,sf36_mcs,0,1,1,-1.4012345679012346,50.79806573983258,0.9113761098149458,15.60140073382338,54
NCT00487539,sf36_mcs,0,1,2,-1.1,49.39394176653322,0.8342157490217479,16.783330253733016,38
NCT00487539,sf36_mcs,1,0,0,-1.4559139784946236,47.83597668659993,0.8907697944604286,16.700839193851696,62
NCT00487539,sf36_mcs,1,0,1,-1.3020408163265307,48.260825168766495,0.9140976162330933,15.39225005526566,49
NCT00487539,sf36_mcs,1,0,2,-1.0216666666666667,46.60933180309803,0.8875700686597238,16.57173341531709,40
NCT00487539,sf36_mcs,1,1,0,-1.6508333333333334,51.64690926862863,0.7607268528092664,15.450780325232492,80
NCT00487539,sf36_mcs,1,1,1,-1.3172043010752688,51.120638296536605,0.8820150372203621,15.06961832401302,62
NCT00487539,sf36_mcs,1,1,2,-0.8491228070175438,53.96526797535411,0.9689081450374105,14.721830267447649,38
NCT00487539,sf36_pcs,0,0,0,-1.6896174863387978,54.846973374034626,0.6812717134455119,10.746717738429023,61
NCT00487539,sf36_pcs,0,0,1,-1.5169811320754718,50.29745876923062,0.7699379107365035,12.478011158081472,53
NCT00487539,sf36_pcs,0,0,2,-0.8968253968253969,46.87925525260004,0.9113797135773318,12.943376958522528,42
NCT00487539,sf36_pcs,0,1,0,-1.4939759036144578,58.03110741361502,0.8978768177762962,13.999648498399665,83
NCT00487539,sf36_pcs,0,1,1,-1.4012345679012346,53.36081941581537,0.9113761098149458,11.206259934314227,54
NCT00487539,sf36_pcs,0,1,2,-1.1,56.45684623652626,0.8342157490217479,12.534911776316909,38
NCT00487539,sf36_pcs,1,0,0,-1.4559139784946236,55.81349737253809,0.8907697944604286,12.134147170507955,62
NCT00487539,sf36_pcs,1,0,1,-1.3020408163265307,53.333565885509564,0.9140976162330933,14.09926935881709,49
NCT00487539,sf36_pcs,1,0,2,-1.0216666666666667,50.802887339371004,0.8875700686597238,13.15211209333135,40
NCT00487539,sf36_pcs,1,1,0,-1.6508333333333334,56.132962965505186,0.7607268528092664,12.916052023885038,80
NCT00487539,sf36_pcs,1,1,1,-1.3172043010752688,56.26363206950334,0.8820150372203621,12.261984054422319,62
NCT00487539,sf36_pcs,1,1,2,-0.8491228070175438,57.57595574115374,0.9689081450374105,12.070360815458537,38
NCT00488631,eq5d_index,0,0,0,-1.5343137254901962,0.8538529411764706,0.7919573038275155,0.08178462153472729,68
NCT00488631,eq5d_index,0,0,1,-1.462962962962963,0.8367777777777778,0.7692645802384924,0.07212218842279457,54
NCT00488631,eq5d_index,0,0,2,-1.0014814814814814,0.83,0.896400083035718,0.07323157540544678,45
NCT00488631,eq5d_index,0,1,0,-1.4977777777777779,0.8617640449438202,0.8483044703448116,0.09303372097254822,90
NCT00488631,eq5d_index,0,1,1,-1.3854545454545455,0.8724000000000001,0.9233764226778542,0.07798043439317422,55
NCT00488631,eq5d_index,0,1,2,-1.1177304964539008,0.8592340425531915,0.8575003292581103,0.07923471262948086,47
NCT00488631,eq5d_index,1,0,0,-1.3246376811594203,0.8338695652173913,0.8978772604756327,0.09321446646788942,23
NCT00488631,eq5d_index,1,0,1,-1.5888888888888888,0.8589166666666667,0.8367562551877418,0.08439447574475407,24
NCT00488631,eq5d_index,1,0,2,-1.0814814814814815,0.8191666666666667,0.8312697761938433,0.05747557025789817,18
NCT00488631,eq5d_index,1,1,0,-1.553030303030303,0.8829090909090909,0.8751025980991635,0.07684651515961924,44
NCT00488631,eq5d_index,1,1,1,-1.5307692307692307,0.8576153846153847,0.8366028170549472,0.07478827551057822,26
NCT00488631,eq5d_index,1,1,2,-0.9894736842105263,0.8306842105263158,0.8618851454217293,0.090829542814842,19
NCT00488631,sf36_mcs,0,0,0,-1.5343137254901962,48.16939923060721,0.7919573038275155,14.419992102783247,68
NCT00488631,sf36_mcs,0,0,1,-1.462962962962963,48.4324996348485,0.7692645802384924,12.513488089269444,54
NCT00488631,sf36_mcs,0,0,2,-1.0014814814814814,42.92188247230166,0.896400083035718,14.06411637638328,45
NCT00488631,sf36_mcs,0,1,0,-1.4977777777777779,53.349658644521064,0.8483044703448116,17.843962187302186,90
NCT00488631,sf36_mcs,0,1,1,-1.3854545454545455,55.36834961198817,0.9233764226778542,15.893017467208711,55
NCT00488631,sf36_mcs,0,1,2,-1.1177304964539008,46.688915339952175,0.8575003292581103,16.759376258431768,47
NCT00488631,sf36_mcs,1,0,0,-1.3246376811594203,41.840768322749724,0.8978772604756327,12.91524439653331,23
NCT00488631,sf36_mcs,1,0,1,-1.5888888888888888,53.241947594002966,0.8367562551877418,19.011712372257946,24
NCT00488631,sf36_mcs,1,0,2,-1.0814814814814815,38.284097511053005,0.8312697761938433,14.603920774639073,18
NCT00488631,sf36_mcs,1,1,0,-1.553030303030303,49.954735390419344,0.8751025980991635,14.381905839372338,44
NCT00488631,sf36_mcs,1,1,1,-1.5307692307692307,49.54377096104774,0.8366028170549472,14.004904945781073,26
NCT00488631,sf36_mcs,1,1,2,-0.9894736842105263,49.96654269957291,0.8618851454217293,15.936691608573348,19
NCT00488631,sf36_pcs,0,0,0,-1.5343137254901962,54.53832187765979,0.7919573038275155,11.771626372337982,68
NCT00488631,sf36_pcs,0,0,1,-1.462962962962963,52.13346139003213,0.7692645802384924,11.943467038198008,54
NCT00488631,sf36_pcs,0,0,2,-1.0014814814814814,48.48466438146875,0.896400083035718,12.160237367148609,45
NCT00488631,sf36_pcs,0,1,0,-1.4977777777777779,58.722953387855874,0.8483044703448116,14.32934066285358,90
NCT00488631,sf36_pcs,0,1,1,-1.3854545454545455,56.01549670018379,0.9233764226778542,12.12434473086393,55
NCT00488631,sf36_pcs,0,1,2,-1.1177304964539008,55.394027675176666,0.8575003292581103,13.729407578316046,47
NCT00488631,sf36_pcs,1,0,0,-1.3246376811594203,51.294309648192666,0.8978772604756327,10.495346390945615,23
NCT00488631,sf36_pcs,1,0,1,-1.5888888888888888,55.637519011958965,0.8367562551877418,16.23668851203994,24
NCT00488631,sf36_pcs,1,0,2,-1.0814814814814815,44.077274876904646,0.8312697761938433,12.852670070870333,18
NCT00488631,sf36_pcs,1,1,0,-1.553030303030303,56.17761903683216,0.8751025980991635,11.567888310265445,44
NCT00488631,sf36_pcs,1,1,1,-1.5307692307692307,55.8212782578497,0.8366028170549472,11.137149280246538,26
NCT00488631,sf36_pcs,1,1,2,-0.9894736842105263,56.073249748463375,0.8618851454217293,9.544311028431062,19
NCT00973479,eq5d_index,0,0,0,-0.7122448979591837,0.7246734693877551,0.768247104837815,0.07590712929996041,98
NCT00973479,eq5d_index,0,0,1,-0.32280701754385965,0.7622432432432432,0.6996397727409976,0.07600489947855169,38
NCT00973479,eq5d_index,0,0,2,-0.41587301587301584,0.73995,0.7296589041477644,0.08188212001986372,21
NCT00973479,eq5d_index,0,1,0,-0.6,0.7675833333333334,0.5874698059873885,0.08839236474338458,24
NCT00973479,eq5d_index,0,1,1,-0.6242424242424243,0.7538181818181818,0.953716812044203,0.05980270592844136,11
NCT00973479,eq5d_index,0,1,2,-0.15999999999999998,0.7696,0.6542170893518451,0.07257272214820112,5
NCT00973479,eq5d_index,1,0,0,-0.6872305140961857,0.7326281407035176,0.8223931963333266,0.07551060138333579,201
NCT00973479,eq5d_index,1,0,1,-0.47954545454545455,0.741919540229885,0.8755429888752629,0.07924501574683664,88
NCT00973479,eq5d_index,1,0,2,0.014814814814814808,0.7286857142857143,0.7183952329730323,0.06788345177736681,36
NCT00973479,eq5d_index,1,1,0,-0.6133333333333333,0.742375,0.8405940105653208,0.06004984574800318,40
NCT00973479,eq5d_index,1,1,1,-0.30666666666666664,0.72915,0.50094647261065,0.05927924550269194,20
NCT00973479,eq5d_index,1,1,2,-0.14074074074074072,0.7765555555555556,0.7777777777777778,0.06778663421189889,9
NCT00973479,sf36_mcs,0,0,0,-0.7122448979591837,41.10953502800632,0.768247104837815,8.718227798826408,98
NCT00973479,sf36_mcs,0,0,1,-0.32280701754385965,44.383090392115186,0.6996397727409976,7.254584079813408,38
NCT00973479,sf36_mcs,0,0,2,-0.41587301587301584,40.60738990898858,0.7296589041477644,9.248323516035523,21
NCT00973479,sf36_mcs,0,1,0,-0.6,44.32128646491204,0.5874698059873885,8.812588757508587,24
NCT00973479,sf36_mcs,0,1,1,-0.6242424242424243,43.580824609346834,0.953716812044203,6.91769123469354,11
NCT00973479,sf36_mcs,0,1,2,-0.15999999999999998,44.960918869242505,0.6542170893518451,4.463113167971068,5
NCT00973479,sf36_mcs,1,0,0,-0.6874587458745874,42.3298499723738,0.8203513045033874,8.631667608220905,202
NCT00973479,sf36_mcs,1,0,1,-0.47954545454545455,42.12629128868161,0.8755429888752629,10.028110711419814,88
NCT00973479,sf36_mcs,1,0,2,0.014814814814814808,42.11512476695534,0.7183952329730323,8.398632545780604,36
NCT00973479,sf36_mcs,1,1,0,-0.6133333333333333,41.46785419942622,0.8405940105653208,7.9441484889386444,40
NCT00973479,sf36_mcs,1,1,1,-0.30666666666666664,43.66421468043092,0.50094647261065,8.54926185195772,20
NCT00973479,sf36_mcs,1,1,2,-0.14074074074074072,42.59845822482925,0.7777777777777778,7.614564854643404,9
NCT00973479,sf36_pcs,0,0,0,-0.7122448979591837,39.31690552450363,0.768247104837815,9.765869009716432,98
NCT00973479,sf36_pcs,0,0,1,-0.32280701754385965,41.916590213160745,0.6996397727409976,10.059334890267394,38
NCT00973479,sf36_pcs,0,0,2,-0.41587301587301584,35.855781102512616,0.7296589041477644,8.090421719883468,21
NCT00973479,sf36_pcs,0,1,0,-0.6,44.29745381484925,0.5874698059873885,10.140585525911613,24
NCT00973479,sf36_pcs,0,1,1,-0.6242424242424243,40.92404948517264,0.953716812044203,8.594707382393658,11
NCT00973479,sf36_pcs,0,1,2,-0.15999999999999998,43.31498390612247,0.6542170893518451,3.6540797903935216,5
NCT00973479,sf36_pcs,1,0,0,-0.6874587458745874,40.312608507984635,0.8203513045033874,9.209684804778457,202
NCT00973479,sf36_pcs,1,0,1,-0.47954545454545455,39.13643418760911,0.8755429888752629,9.334632641969979,88
NCT00973479,sf36_pcs,1,0,2,0.014814814814814808,39.53007238717074,0.7183952329730323,9.098307918260257,36
NCT00973479,sf36_pcs,1,1,0,-0.6133333333333333,40.64402227623311,0.8405940105653208,8.539396264285807,40
NCT00973479,sf36_pcs,1,1,1,-0.30666666666666664,40.48259303913075,0.50094647261065,7.907543048067455,20
NCT00973479,sf36_pcs,1,1,2,-0.14074074074074072,40.89188734581583,0.7777777777777778,11.222508128515994,9
NCT01009086,sf36_mcs,0,0,1,-0.8285714285714286,41.6539125930968,1.1266845119278022,19.505478122157008,7
NCT01009086,sf36_mcs,0,1,1,-0.7833333333333333,52.2947404374028,0.41588816160473113,18.110825237738172,4
NCT01009086,sf36_mcs,1,0,1,-0.753030303030303,44.835678554010514,0.804150096923153,15.031077310004255,88
NCT01009086,sf36_mcs,1,1,1,-0.9810344827586207,51.317702679734325,0.7559263330661408,15.838177029457027,116
NCT01009086,sf36_pcs,0,0,1,-0.8285714285714286,37.57940641520024,1.1266845119278022,13.191016589936414,7
NCT01009086,sf36_pcs,0,1,1,-0.7833333333333333,45.606688364474735,0.41588816160473113,20.357223390882606,4
NCT01009086,sf36_pcs,1,0,1,-0.753030303030303,41.233439581848174,0.804150096923153,12.931981669812746,88
NCT01009086,sf36_pcs,1,1,1,-0.9810344827586207,45.155452275121654,0.7559263330661408,13.014106455561087,116
NCT01077362,sf36_mcs,0,0,1,-0.8727272727272728,39.65908789209317,0.9781863241982506,16.461723120906072,11
NCT01077362,sf36_mcs,0,1,1,-0.9249999999999999,51.089883051800754,0.48656554722465883,16.81534821029069,8
NCT01077362,sf36_mcs,1,0,1,-0.6476190476190476,43.68080579638851,0.8206146290484769,14.59402567918481,56
NCT01077362,sf36_mcs,1,1,1,-0.9361111111111111,49.7640943042192,0.8167233540416468,16.294999066707504,48
NCT01077362,sf36_pcs,0,0,1,-0.8727272727272728,35.51636966927836,0.9781863241982506,8.562957148948298,11
NCT01077362,sf36_pcs,0,1,1,-0.9249999999999999,41.92973536316741,0.48656554722465883,18.397673846089464,8
NCT01077362,sf36_pcs,1,0,1,-0.6476190476190476,37.9106212551045,0.8206146290484769,13.05263927440909,56
NCT01077362,sf36_pcs,1,1,1,-0.9361111111111111,42.66851364608696,0.8167233540416468,13.265706739108257,48
NCT01106625,eq5d_index,0,0,0,-0.06666666666666667,0.9239,0.4363592060735584,0.07845139292983638,20
NCT01106625,eq5d_index,0,0,1,-0.175,0.9202083333333333,0.5045924361007093,0.09016602038397868,24
NCT01106625,eq5d_index,0,0,2,-0.3611111111111111,0.8530294117647059,0.5877857292347811,0.10037912534837162,36
NCT01106625,eq5d_index,0,1,0,-0.35555555555555557,0.9304117647058824,0.6821726153432011,0.08585165899935293,18
NCT01106625,eq5d_index,0,1,1,-0.007407407407407416,0.9256111111111112,0.4876990869573439,0.07329484283991682,18
NCT01106625,eq5d_index,0,1,2,-0.23666666666666666,0.900725,0.5598025700002791,0.09404417606254016,40
NCT01106625,eq5d_index,1,0,0,-0.5396825396825397,0.9285714285714286,0.640105811358911,0.07210448767488153,21
NCT01106625,eq5d_index,1,0,1,-0.16333333333333333,0.93175,0.704696027538165,0.09743439088081676,20
NCT01106625,eq5d_index,1,0,2,-0.145679012345679,0.8691111111111112,0.4677778116139149,0.07560643711572007,27
NCT01106625,eq5d_index,1,1,0,-0.4736842105263158,0.9286842105263158,0.5388120159796017,0.08100415121843993,19
NCT01106625,eq5d_index,1,1,1,-0.36333333333333334,0.93185,0.44405099543825777,0.07244328089870324,20
NCT01106625,eq5d_index,1,1,2,-0.14027777777777778,0.902468085106383,0.6294940868336651,0.08807354907265558,48
NCT01106625,sf36_mcs,0,0,0,-0.11176470588235295,50.14552592447647,0.42694453964033635,9.247933775455298,20
NCT01106625,sf36_mcs,0,0,1,-0.18333333333333332,49.41160500760456,0.5130213282027202,10.871273201901984,24
NCT01106625,sf36_mcs,0,0,2,-0.3096774193548387,47.72823797245193,0.5692927608933889,8.792573909353884,36
NCT01106625,sf36_mcs,0,1,0,-0.33978494623655914,54.81701377428656,0.684939540713264,5.0272367331486825,18
NCT01106625,sf36_mcs,0,1,1,0.014583333333333323,53.10705352441222,0.481852570442015,5.686181063387704,18
NCT01106625,sf36_mcs,0,1,2,-0.21642512077294684,50.93943165428407,0.5050601202939117,8.176851902634178,40
NCT01106625,sf36_mcs,1,0,0,-0.5423423423423424,49.155034381267974,0.6648423487429297,7.874686222989584,21
NCT01106625,sf36_mcs,1,0,1,-0.16666666666666669,52.53551844802364,0.6688535559934472,9.12214370470992,20
NCT01106625,sf36_mcs,1,0,2,-0.13866666666666666,46.91893195609289,0.4750156937376408,8.10829275085613,27
NCT01106625,sf36_mcs,1,1,0,-0.49215686274509807,53.22071469273184,0.5430961757644098,7.589413511341671,19
NCT01106625,sf36_mcs,1,1,1,-0.34814814814814815,53.45252033989093,0.44167390430328163,6.078832216399082,20
NCT01106625,sf36_mcs,1,1,2,-0.12851405622489961,50.55718935896448,0.6377282795516053,6.840934727664831,48
NCT01106625,sf36_pcs,0,0,0,-0.11176470588235295,57.0169591803176,0.42694453964033635,10.44628113492634,20
NCT01106625,sf36_pcs,0,0,1,-0.18333333333333332,57.195284009706164,0.5130213282027202,9.010943630985581,24
NCT01106625,sf36_pcs,0,0,2,-0.3096774193548387,50.1960694700869,0.5692927608933889,9.756686395519074,36
NCT01106625,sf36_pcs,0,1,0,-0.33978494623655914,59.43086685889136,0.684939540713264,7.871605501849235,18
NCT01106625,sf36_pcs,0,1,1,0.014583333333333323,57.873764249337526,0.481852570442015,7.9781756955953975,18
NCT01106625,sf36_pcs,0,1,2,-0.21642512077294684,56.427888498701414,0.5050601202939117,9.152897146372894,40
NCT01106625,sf36_pcs,1,0,0,-0.5423423423423424,59.472625725396966,0.6648423487429297,7.210891006060307,21
NCT01106625,sf36_pcs,1,0,1,-0.16666666666666669,60.1337943045038,0.6688535559934472,9.23824767214542,20
NCT01106625,sf36_pcs,1,0,2,-0.13866666666666666,50.82435845896048,0.4750156937376408,7.730453016920449,27
NCT01106625,sf36_pcs,1,1,0,-0.49215686274509807,58.2666753733533,0.5430961757644098,7.810468930877362,19
NCT01106625,sf36_pcs,1,1,1,-0.34814814814814815,60.68274901063802,0.44167390430328163,6.652552577061692,20
NCT01106625,sf36_pcs,1,1,2,-0.12851405622489961,56.293327145716816,0.6377282795516053,8.3868120943833,48
NCT01106677,sf36_mcs,0,0,0,-0.66,50.56700795751902,0.6440651546013396,7.357386945347009,30
NCT01106677,sf36_mcs,0,0,1,-0.23636363636363636,50.17913130987385,0.5248238899289127,6.476073612583944,22
NCT01106677,sf36_mcs,0,0,2,-0.03783783783783783,48.18840106616091,0.6451223523613043,7.993368476936295,37
NCT01106677,sf36_mcs,0,1,0,-0.5155555555555555,51.02931862921877,0.7050846167166914,7.37892359837643,30
NCT01106677,sf36_mcs,0,1,1,-0.4,51.532992371062605,0.5818511189623005,7.240283318280579,24
NCT01106677,sf36_mcs,0,1,2,-0.17166666666666666,50.27487117558745,0.5840983993908391,6.651043628236093,40
NCT01106677,sf36_mcs,1,0,0,-0.5655555555555556,50.01942154383363,0.5705241475061624,8.02802366925599,60
NCT01106677,sf36_mcs,1,0,1,-0.3309090909090909,48.760062315174636,0.5264937419445471,7.583896861803818,55
NCT01106677,sf36_mcs,1,0,2,-0.16392156862745097,47.265155144072104,0.545355855976906,7.233471927343202,85
NCT01106677,sf36_mcs,1,1,0,-0.49836065573770494,51.92440147986413,0.6196303028451783,6.770029241228295,61
NCT01106677,sf36_mcs,1,1,1,-0.1985185185185185,48.88816208099863,0.6670436644482756,7.683522508031263,45
NCT01106677,sf36_mcs,1,1,2,-0.17062146892655367,49.223369866679946,0.6353894255178268,8.12299103894729,59
NCT01106677,sf36_pcs,0,0,0,-0.66,55.458230057765505,0.6440651546013396,8.675423626997947,30
NCT01106677,sf36_pcs,0,0,1,-0.23636363636363636,54.34708513942642,0.5248238899289127,10.91191576185206,22
NCT01106677,sf36_pcs,0,0,2,-0.03783783783783783,51.06830999972144,0.6451223523613043,9.693487458419247,37
NCT01106677,sf36_pcs,0,1,0,-0.5155555555555555,56.0348442643002,0.7050846167166914,9.92423527667806,30
NCT01106677,sf36_pcs,0,1,1,-0.4,57.844480037272156,0.5818511189623005,6.784951336527841,24
NCT01106677,sf36_pcs,0,1,2,-0.17166666666666666,56.24632443439841,0.5840983993908391,8.912070163494219,40
NCT01106677,sf36_pcs,1,0,0,-0.5655555555555556,56.13458106891727,0.5705241475061624,7.906119277279686,60
NCT01106677,sf36_pcs,1,0,1,-0.3309090909090909,53.094132226998546,0.5264937419445471,8.735718826714363,55
NCT01106677,sf36_pcs,1,0,2,-0.16392156862745097,53.25831282491077,0.545355855976906,8.296417518488896,85
NCT01106677,sf36_pcs,1,1,0,-0.49836065573770494,59.74194279976448,0.6196303028451783,6.795464999584777,61
NCT01106677,sf36_pcs,1,1,1,-0.1985185185185185,55.088744868185174,0.6670436644482756,8.710090619255208,45
NCT01106677,sf36_pcs,1,1,2,-0.17062146892655367,55.10558741575132,0.6353894255178268,9.395943268738684,59
NCT01137812,eq5d_index,0,0,0,-0.48695652173913045,0.9081428571428571,0.8540893390236273,0.0765580078857109,23
NCT01137812,eq5d_index,0,0,1,-0.24393939393939393,0.8719473684210527,0.596794742967574,0.08067383358512262,44
NCT01137812,eq5d_index,0,0,2,-0.13680555555555554,0.8465113636363637,0.5573009133243931,0.10888726578894653,96
NCT01137812,eq5d_index,0,1,0,-0.509090909090909,0.9203018867924528,0.6784591155094627,0.08468961086626414,55
NCT01137812,eq5d_index,0,1,1,-0.16266666666666665,0.9253061224489796,0.5402879890494616,0.07207987585589587,50
NCT01137812,eq5d_index,0,1,2,-0.1290909090909091,0.8738041237113402,0.5890109730897761,0.1044280692605419,110
NCT01137812,eq5d_index,1,0,0,-0.5728395061728395,0.9222083333333333,0.756342810906538,0.0883328582158401,27
NCT01137812,eq5d_index,1,0,1,-0.32727272727272727,0.8886578947368421,0.6731188823924166,0.1049888736230524,44
NCT01137812,eq5d_index,1,0,2,-0.11313131313131314,0.8442409638554217,0.6421657336853833,0.10708380469673248,99
NCT01137812,eq5d_index,1,1,0,-0.41805555555555557,0.9225217391304348,0.6738253357779951,0.08768345571313382,48
NCT01137812,eq5d_index,1,1,1,-0.346031746031746,0.9072432432432432,0.5752318906014328,0.10698426815954594,42
NCT01137812,eq5d_index,1,1,2,-0.11737891737891738,0.8754766355140187,0.5476280845400268,0.09897391935809022,117
NCT01137812,sf36_mcs,0,0,0,-0.48695652173913045,51.35876136009243,0.8540893390236273,8.250745972301157,23
NCT01137812,sf36_mcs,0,0,1,-0.24393939393939393,49.702942771409326,0.596794742967574,8.198446989533215,44
NCT01137812,sf36_mcs,0,0,2,-0.13680555555555554,49.452722557993646,0.5573009133243931,8.086866207373955,96
NCT01137812,sf36_mcs,0,1,0,-0.509090909090909,53.68086902527555,0.6784591155094627,6.537869978736866,55
NCT01137812,sf36_mcs,0,1,1,-0.16266666666666665,53.38093642725737,0.5402879890494616,5.69522070363067,50
NCT01137812,sf36_mcs,0,1,2,-0.1290909090909091,51.51633465112255,0.5890109730897761,7.578446052308425,110
NCT01137812,sf36_mcs,1,0,0,-0.5728395061728395,49.81762235827984,0.756342810906538,8.358921242220742,27
NCT01137812,sf36_mcs,1,0,1,-0.32727272727272727,48.988882927786086,0.6731188823924166,6.65574339096772,44
NCT01137812,sf36_mcs,1,0,2,-0.10266666666666667,49.2174225618631,0.6474274396117989,7.696669136825799,100
NCT01137812,sf36_mcs,1,1,0,-0.41805555555555557,53.768639528432615,0.6738253357779951,7.092706303591964,48
NCT01137812,sf36_mcs,1,1,1,-0.346031746031746,51.64451210674241,0.5752318906014328,6.401837438637057,42
NCT01137812,sf36_mcs,1,1,2,-0.11737891737891738,51.47655943210152,0.5476280845400268,6.916981945278008,117
NCT01137812,sf36_pcs,0,0,0,-0.48695652173913045,58.4022600715376,0.8540893390236273,8.044797204355019,23
NCT01137812,sf36_pcs,0,0,1,-0.24393939393939393,52.506773516797786,0.596794742967574,10.194912315191104,44
NCT01137812,sf36_pcs,0,0,2,-0.13680555555555554,51.231699676032115,0.5573009133243931,9.63448968979504,96
NCT01137812,sf36_pcs,0,1,0,-0.509090909090909,60.51264816365281,0.6784591155094627,6.448485572192068,55
NCT01137812,sf36_pcs,0,1,1,-0.16266666666666665,58.4721098587075,0.5402879890494616,7.29973293226442,50
NCT01137812,sf36_pcs,0,1,2,-0.1290909090909091,54.7207095200595,0.5890109730897761,8.628882004357758,110
NCT01137812,sf36_pcs,1,0,0,-0.5728395061728395,56.983197157022516,0.756342810906538,10.349902005371158,27
NCT01137812,sf36_pcs,1,0,1,-0.32727272727272727,53.70606728799083,0.6731188823924166,9.13555620732563,44
NCT01137812,sf36_pcs,1,0,2,-0.10266666666666667,52.001429360221664,0.6474274396117989,8.827761811480162,100
NCT01137812,sf36_pcs,1,1,0,-0.41805555555555557,60.260829324221916,0.6738253357779951,6.953948374744563,48
NCT01137812,sf36_pcs,1,1,1,-0.346031746031746,55.99206247229678,0.5752318906014328,9.151546146967462,42
NCT01137812,sf36_pcs,1,1,2,-0.11737891737891738,56.10366950109652,0.5476280845400268,8.525693595514273,117
NCT01369329,sf36_mcs,0,0,0,-1.5205673758865248,37.9775897882176,0.7433620320543477,9.030313305206274,47
NCT01369329,sf36_mcs,0,0,1,-1.481609195402299,38.67965448710404,0.6708689896823895,8.178445574853221,58
NCT01369329,sf36_mcs,0,0,2,-1.303448275862069,37.43437235904411,0.9100124204448996,8.563866925035724,29
NCT01369329,sf36_mcs,0,1,0,-1.7413793103448276,40.459228289036666,0.7941381328631388,7.696840765225266,58
NCT01369329,sf36_mcs,0,1,1,-1.488888888888889,40.05149002755584,0.8073734277593312,7.776742276511207,42
NCT01369329,sf36_mcs,0,1,2,-1.0761904761904761,39.39744687811656,0.8289982480307755,6.6681581857026835,21
NCT01369329,sf36_mcs,1,0,0,-1.6033898305084746,39.4553666146806,0.7326458353970788,7.203701426772088,59
NCT01369329,sf36_mcs,1,0,1,-1.4743169398907103,38.341924763997476,0.6995340629893098,7.815340899142603,61
NCT01369329,sf36_mcs,1,0,2,-1.2404040404040404,37.72060777146111,0.8571495710816096,9.895947095116899,33
NCT01369329,sf36_mcs,1,1,0,-1.7173333333333334,41.834585635056754,0.7121313542877025,8.470754565218495,50
NCT01369329,sf36_mcs,1,1,1,-1.5954022988505747,41.588236622503736,0.7609373990234819,7.476660798212785,29
NCT01369329,sf36_mcs,1,1,2,-1.112121212121212,37.88619918321784,0.9995525694556235,7.287515068276111,22
NCT01369329,sf36_pcs,0,0,0,-1.5205673758865248,46.997572750489795,0.7433620320543477,9.15316831905225,47
NCT01369329,sf36_pcs,0,0,1,-1.481609195402299,46.43944621862474,0.6708689896823895,7.840299581896551,58
NCT01369329,sf36_pcs,0,0,2,-1.303448275862069,46.42353932432135,0.9100124204448996,10.709312181285561,29
NCT01369329,sf36_pcs,0,1,0,-1.7413793103448276,51.31320114157351,0.7941381328631388,10.15031435895261,58
NCT01369329,sf36_pcs,0,1,1,-1.488888888888889,49.36127334660761,0.8073734277593312,8.40543338321713,42
NCT01369329,sf36_pcs,0,1,2,-1.0761904761904761,49.72099377028841,0.8289982480307755,8.866517903739227,21
NCT01369329,sf36_pcs,1,0,0,-1.6033898305084746,48.13848557686038,0.7326458353970788,9.02893606834715,59
NCT01369329,sf36_pcs,1,0,1,-1.4743169398907103,46.4152604219629,0.6995340629893098,8.532823614398842,61
NCT01369329,sf36_pcs,1,0,2,-1.2404040404040404,46.32668896600775,0.8571495710816096,9.804990774319002,33
NCT01369329,sf36_pcs,1,1,0,-1.7173333333333334,51.410634106917556,0.7121313542877025,7.933787979018711,50
NCT01369329,sf36_pcs,1,1,1,-1.5954022988505747,52.26569490513766,0.7609373990234819,7.295970991994152,29
NCT01369329,sf36_pcs,1,1,2,-1.112121212121212,47.15179012649151,0.9995525694556235,10.345023751320934,22
NCT01369342,sf36_mcs,0,0,0,-1.2746666666666666,40.64687761000155,0.9251967983333376,8.844651660061944,50
NCT01369342,sf36_mcs,0,0,1,-1.3636363636363638,35.1685652360389,0.7002164167620111,9.657033990077613,33
NCT01369342,sf36_mcs,0,0,2,-1.1133333333333333,40.2811824459789,1.1106106152460988,9.716041579699537,30
NCT01369342,sf36_mcs,0,1,0,-1.534848484848485,44.22364812863872,0.698538694174226,9.33888050019453,44
NCT01369342,sf36_mcs,0,1,1,-1.4631578947368422,42.13834110882522,0.8559907058546619,9.071920823390936,38
NCT01369342,sf36_mcs,0,1,2,-0.968421052631579,39.538910956773044,0.8845361261952558,6.0829485741162515,19
NCT01369342,sf36_mcs,1,0,0,-1.3224489795918368,39.10580034712907,0.9454909501472131,7.437640911832527,49
NCT01369342,sf36_mcs,1,0,1,-1.3274509803921568,39.63081862005922,0.9615318372031364,9.05976122610792,34
NCT01369342,sf36_mcs,1,0,2,-1.05,35.737256919641794,0.9430652048911191,8.615934293467166,24
NCT01369342,sf36_mcs,1,1,0,-1.5333333333333334,40.642432691464364,0.854091193520233,8.564100066385992,62
NCT01369342,sf36_mcs,1,1,1,-1.404040404040404,42.02737848744576,0.8928635882403242,8.28846730003286,33
NCT01369342,sf36_mcs,1,1,2,-1.7030303030303031,41.18801350655778,0.9234542093507814,9.003540871333497,11
NCT01369342,sf36_pcs,0,0,0,-1.2746666666666666,49.588163361844515,0.9251967983333376,9.678990632330747,50
NCT01369342,sf36_pcs,0,0,1,-1.3636363636363638,43.03604840315632,0.7002164167620111,11.1438525969225,33
NCT01369342,sf36_pcs,0,0,2,-1.1133333333333333,47.31121667641405,1.1106106152460988,9.273965318238352,30
NCT01369342,sf36_pcs,0,1,0,-1.534848484848485,53.74526308448567,0.698538694174226,7.990741106191584,44
NCT01369342,sf36_pcs,0,1,1,-1.4631578947368422,52.10460929054195,0.8559907058546619,8.244326166041446,38
NCT01369342,sf36_pcs,0,1,2,-0.968421052631579,50.73806830558127,0.8845361261952558,7.303992904472312,19
NCT01369342,sf36_pcs,1,0,0,-1.3224489795918368,48.21670857639008,0.9454909501472131,9.843843889203074,49
NCT01369342,sf36_pcs,1,0,1,-1.3274509803921568,46.04618791637753,0.9615318372031364,8.578259132820001,34
NCT01369342,sf36_pcs,1,0,2,-1.05,43.17587975546516,0.9430652048911191,10.312488803728263,24
NCT01369342,sf36_pcs,1,1,0,-1.5333333333333334,51.992859208114886,0.854091193520233,9.05288564188215,62
NCT01369342,sf36_pcs,1,1,1,-1.404040404040404,49.19472462634477,0.8928635882403242,9.17309897116476,33
NCT01369342,sf36_pcs,1,1,2,-1.7030303030303031,47.57633496853744,0.9234542093507814,10.638715180416506,11
