repo,model_n,nct_id,outcome,term,estimate,se
csdr,1,NCT00106535,sf36_mcs,(Intercept),54.46364611879216,0.7749851069021086
csdr,1,NCT00106535,sf36_mcs,como_cnt,-1.3978597102824462,0.41639395398971435
csdr,2,NCT00106535,sf36_mcs,(Intercept),54.1798732074183,0.825624533703178
csdr,2,NCT00106535,sf36_mcs,como_cnt,-1.370011906905567,0.4173319320618327
csdr,2,NCT00106535,sf36_mcs,sex,1.4343998120951873,1.439038923348984
csdr,3,NCT00106535,sf36_mcs,(Intercept),54.494478400580356,0.9621511194842705
csdr,3,NCT00106535,sf36_mcs,como_cnt,-1.4058723402669262,0.4421759374633704
csdr,3,NCT00106535,sf36_mcs,age_std,0.03886180840032406,0.7178136381649611
csdr,4,NCT00106535,sf36_mcs,(Intercept),54.164909144938946,1.017579105046696
csdr,4,NCT00106535,sf36_mcs,como_cnt,-1.3662157132931876,0.4439716519819845
csdr,4,NCT00106535,sf36_mcs,age_std,-0.018139204175766973,0.7201010368803238
csdr,4,NCT00106535,sf36_mcs,sex,1.4372948360399174,1.444581500734649
csdr,1,NCT00106535,sf36_pcs,(Intercept),48.78169074689968,0.6969153893403278
csdr,1,NCT00106535,sf36_pcs,como_cnt,-1.5598719960043494,0.37444765322484513
csdr,2,NCT00106535,sf36_pcs,(Intercept),48.47558407894784,0.7422368079219334
csdr,2,NCT00106535,sf36_pcs,como_cnt,-1.529832489202224,0.3751815849125797
csdr,2,NCT00106535,sf36_pcs,sex,1.5472912649252513,1.2936966058302275
csdr,3,NCT00106535,sf36_pcs,(Intercept),47.824670650598954,0.8632038171158806
csdr,3,NCT00106535,sf36_pcs,como_cnt,-1.3111635814910285,0.396702710546931
csdr,3,NCT00106535,sf36_pcs,age_std,-1.2062529745022594,0.6439939214267698
csdr,4,NCT00106535,sf36_pcs,(Intercept),47.423194098781465,0.9124204206016145
csdr,4,NCT00106535,sf36_pcs,como_cnt,-1.2628544459099718,0.39809072280233854
csdr,4,NCT00106535,sf36_pcs,age_std,-1.2756907924644232,0.6456843381388545
csdr,4,NCT00106535,sf36_pcs,sex,1.7508920047634355,1.2952955244036137
csdr,1,NCT00125918,sf36_mcs,(Intercept),57.003624338013104,1.6277125823290615
csdr,1,NCT00125918,sf36_mcs,como_cnt,-1.0949648787538997,0.6340093190619123
csdr,2,NCT00125918,sf36_mcs,(Intercept),58.55972711410487,1.7381856979742865
csdr,2,NCT00125918,sf36_mcs,como_cnt,-1.20814802410128,0.6271008726699786
csdr,2,NCT00125918,sf36_mcs,sex,-5.732627028383963,2.4568895921236353
csdr,3,NCT00125918,sf36_mcs,(Intercept),56.35232373136759,1.8029784000496891
csdr,3,NCT00125918,sf36_mcs,como_cnt,-0.9712422461463376,0.6513294256447811
csdr,3,NCT00125918,sf36_mcs,age_std,-0.8947015851663385,1.060879264753304
csdr,4,NCT00125918,sf36_mcs,(Intercept),58.30091360861801,1.9931911953760686
csdr,4,NCT00125918,sf36_mcs,como_cnt,-1.1645352422757618,0.6497038815082308
csdr,4,NCT00125918,sf36_mcs,age_std,-0.2904749688899308,1.084336777106868
csdr,4,NCT00125918,sf36_mcs,sex,-5.558149279696442,2.5488544294548454
csdr,1,NCT00125918,sf36_pcs,(Intercept),47.97065203829929,1.4275150082832202
csdr,1,NCT00125918,sf36_pcs,como_cnt,-1.5319203761038018,0.5577762689827181
csdr,2,NCT00125918,sf36_pcs,(Intercept),48.401355583948224,1.5461179312668452
csdr,2,NCT00125918,sf36_pcs,como_cnt,-1.5617820000684024,0.560088286822456
csdr,2,NCT00125918,sf36_pcs,sex,-1.6106956926181935,2.2018711734107135
csdr,3,NCT00125918,sf36_pcs,(Intercept),47.372049930315825,1.5776512747203817
csdr,3,NCT00125918,sf36_pcs,como_cnt,-1.4192748443635395,0.5721856693141343
csdr,3,NCT00125918,sf36_pcs,age_std,-0.83590438475725,0.935279071764694
csdr,4,NCT00125918,sf36_pcs,(Intercept),47.78190194527903,1.7648590991837003
csdr,4,NCT00125918,sf36_pcs,como_cnt,-1.458533690205808,0.5784061692286676
csdr,4,NCT00125918,sf36_pcs,age_std,-0.7085044357197035,0.9685852088099223
csdr,4,NCT00125918,sf36_pcs,sex,-1.1915356627333797,2.278375871747538
csdr,1,NCT00410384,sf36_mcs,(Intercept),21.267778433379952,0.18583995644142093
csdr,1,NCT00410384,sf36_mcs,como_cnt,-0.2852134112457998,0.06348799481796523
csdr,2,NCT00410384,sf36_mcs,(Intercept),21.223727922795202,0.18725804406475174
csdr,2,NCT00410384,sf36_mcs,como_cnt,-0.28495064555766075,0.06337409419835534
csdr,2,NCT00410384,sf36_mcs,sex,0.6267746037305644,0.3636204348921314
csdr,3,NCT00410384,sf36_mcs,(Intercept),21.2808961795961,0.2851572087008089
csdr,3,NCT00410384,sf36_mcs,como_cnt,-0.28641118034261226,0.06653991747642847
csdr,3,NCT00410384,sf36_mcs,age_std,0.007661276731198158,0.12623235319871667
csdr,4,NCT00410384,sf36_mcs,(Intercept),21.212260068892867,0.287423055922063
csdr,4,NCT00410384,sf36_mcs,como_cnt,-0.28391110252612606,0.06643638422439321
csdr,4,NCT00410384,sf36_mcs,age_std,-0.006645830206995172,0.12627950012807407
csdr,4,NCT00410384,sf36_mcs,sex,0.6280376653522749,0.36474339538611605
csdr,1,NCT00410384,sf36_pcs,(Intercept),28.66611405389839,0.21043403645945888
csdr,1,NCT00410384,sf36_pcs,como_cnt,-0.492308609589359,0.07189000294709431
csdr,2,NCT00410384,sf36_pcs,(Intercept),28.592834690243844,0.2113704947318191
csdr,2,NCT00410384,sf36_pcs,como_cnt,-0.49187149087810067,0.07153451650523109
csdr,2,NCT00410384,sf36_pcs,sex,1.0426586095486485,0.410442347625783
csdr,3,NCT00410384,sf36_pcs,(Intercept),27.94153463475992,0.3202937695790948
csdr,3,NCT00410384,sf36_pcs,como_cnt,-0.4261479428002583,0.07473884701392332
csdr,3,NCT00410384,sf36_pcs,age_std,-0.42318271388101,0.14178647782766707
csdr,4,NCT00410384,sf36_pcs,(Intercept),27.818262672071928,0.32146884960026056
csdr,4,NCT00410384,sf36_pcs,como_cnt,-0.4216577481177023,0.07430589706765822
csdr,4,NCT00410384,sf36_pcs,age_std,-0.4488785922544784,0.14123754096218208
csdr,4,NCT00410384,sf36_pcs,sex,1.1279694443163923,0.40794792657782447
csdr,1,NCT00424476,sf36_mcs,(Intercept),21.229443722972118,0.15490341925893122
csdr,1,NCT00424476,sf36_mcs,como_cnt,-0.2264192637038707,0.07014340824574988
csdr,2,NCT00424476,sf36_mcs,(Intercept),21.216705868462274,0.1557668752394354
csdr,2,NCT00424476,sf36_mcs,como_cnt,-0.2272898912189571,0.07017376446925809
csdr,2,NCT00424476,sf36_mcs,sex,0.3072312419838044,0.3838317597849632
csdr,3,NCT00424476,sf36_mcs,(Intercept),20.674173252220736,0.2535029411812051
csdr,3,NCT00424476,sf36_mcs,como_cnt,-0.1892767050001394,0.07103251334086612
csdr,3,NCT00424476,sf36_mcs,age_std,-0.30070247981885445,0.1090386919288528
csdr,4,NCT00424476,sf36_mcs,(Intercept),20.671069491159948,0.25367374682431815
csdr,4,NCT00424476,sf36_mcs,como_cnt,-0.19047128295301602,0.0710913980908475
csdr,4,NCT00424476,sf36_mcs,age_std,-0.29676851711183777,0.10925871198196788
csdr,4,NCT00424476,sf36_mcs,sex,0.25007453296416676,0.3822965550282475
csdr,1,NCT00424476,sf36_pcs,(Intercept),28.89925264531654,0.18528216379809687
csdr,1,NCT00424476,sf36_pcs,como_cnt,-0.28614915250419987,0.08389951957239629
csdr,2,NCT00424476,sf36_pcs,(Intercept),28.877538278925442,0.1862076975266685
csdr,2,NCT00424476,sf36_pcs,como_cnt,-0.28763332119510043,0.08388750874352233
csdr,2,NCT00424476,sf36_pcs,sex,0.5237406150362987,0.458842280281377
csdr,3,NCT00424476,sf36_pcs,(Intercept),28.206344060275235,0.3030407711714721
csdr,3,NCT00424476,sf36_pcs,como_cnt,-0.23979985220485198,0.08491320661118976
csdr,3,NCT00424476,sf36_pcs,age_std,-0.3752393487226975,0.1303462955328345
csdr,4,NCT00424476,sf36_pcs,(Intercept),28.200723674052284,0.30309832877585363
csdr,4,NCT00424476,sf36_pcs,como_cnt,-0.24196303079273343,0.08494250674902376
csdr,4,NCT00424476,sf36_pcs,age_std,-0.36811560776225993,0.13054615789181917
csdr,4,NCT00424476,sf36_pcs,sex,0.452842674502648,0.4567813909654443
csdr,1,NCT00472199,sf36_mcs,(Intercept),61.44678624130338,1.1331596760540037
csdr,1,NCT00472199,sf36_mcs,como_cnt,-0.4530082785731947,0.5864025809231824
csdr,2,NCT00472199,sf36_mcs,(Intercept),60.55279996511805,1.3074312902591665
csdr,2,NCT00472199,sf36_mcs,como_cnt,-0.41154896385629613,0.5864204755386426
csdr,2,NCT00472199,sf36_mcs,sex,2.074632088148865,1.5194346099559168
csdr,3,NCT00472199,sf36_mcs,(Intercept),61.39770439965237,1.2387346244740531
csdr,3,NCT00472199,sf36_mcs,como_cnt,-0.4330484892216678,0.621029022182481
csdr,3,NCT00472199,sf36_mcs,age_std,-0.09676929579917282,0.9789422618758535
csdr,4,NCT00472199,sf36_mcs,(Intercept),60.55040617465315,1.385209045797127
csdr,4,NCT00472199,sf36_mcs,como_cnt,-0.4104892813359515,0.6204488365751916
csdr,4,NCT00472199,sf36_mcs,age_std,-0.005191369112381969,0.9799950372244329
csdr,4,NCT00472199,sf36_mcs,sex,2.074076764318159,1.5253625760942031
csdr,1,NCT00472199,sf36_pcs,(Intercept),66.53760530552984,1.0700394875941768
csdr,1,NCT00472199,sf36_pcs,como_cnt,-2.0498939563485328,0.5537383040314267
csdr,2,NCT00472199,sf36_pcs,(Intercept),65.57111857860573,1.2335129581106106
csdr,2,NCT00472199,sf36_pcs,como_cnt,-2.0050723763660847,0.5532659810634591
csdr,2,NCT00472199,sf36_pcs,sex,2.2428804891754868,1.4335302316428742
csdr,3,NCT00472199,sf36_pcs,(Intercept),64.40612859515187,1.1323013676351779
csdr,3,NCT00472199,sf36_pcs,como_cnt,-1.18310035782532,0.5676696180644216
csdr,3,NCT00472199,sf36_pcs,age_std,-4.202399366800208,0.8948306118661508
csdr,4,NCT00472199,sf36_pcs,(Intercept),63.670036804924926,1.2665367204645566
csdr,4,NCT00472199,sf36_pcs,como_cnt,-1.1635020071752715,0.5672943279400743
csdr,4,NCT00472199,sf36_pcs,age_std,-4.122840885487193,0.8960378249649088
csdr,4,NCT00472199,sf36_pcs,sex,1.8018577561831275,1.3946831494548755
csdr,1,NCT00783718,sf36_mcs,(Intercept),40.60672622509571,0.35388719776681754
csdr,1,NCT00783718,sf36_mcs,como_cnt,-0.45124017582485354,0.24230172282206433
csdr,2,NCT00783718,sf36_mcs,(Intercept),39.262516356059614,0.4781220078142634
csdr,2,NCT00783718,sf36_mcs,como_cnt,-0.44134006776164697,0.23936192893443717
csdr,2,NCT00783718,sf36_mcs,sex,2.2397935311136767,0.5435083545262432
csdr,3,NCT00783718,sf36_mcs,(Intercept),41.98435508186561,0.6365874957652026
csdr,3,NCT00783718,sf36_mcs,como_cnt,-0.6789764846928902,0.25665670159311943
csdr,3,NCT00783718,sf36_mcs,age_std,0.858384364215011,0.33036372032990885
csdr,4,NCT00783718,sf36_mcs,(Intercept),40.62395229051417,0.7107789371410277
csdr,4,NCT00783718,sf36_mcs,como_cnt,-0.6647684098821279,0.2535710156588328
csdr,4,NCT00783718,sf36_mcs,age_std,0.8418600825408125,0.32638630528375434
csdr,4,NCT00783718,sf36_mcs,sex,2.2225860590450033,0.541175969937593
csdr,1,NCT00783718,sf36_pcs,(Intercept),44.585496216487456,0.2561856533770051
csdr,1,NCT00783718,sf36_pcs,como_cnt,-0.6759614745735826,0.1754068120216271
csdr,2,NCT00783718,sf36_pcs,(Intercept),43.300768012662694,0.34270846001511135
csdr,2,NCT00783718,sf36_pcs,como_cnt,-0.6664994490798739,0.1715699271538956
csdr,2,NCT00783718,sf36_pcs,sex,2.14068203667437,0.38957610848441543
csdr,3,NCT00783718,sf36_pcs,(Intercept),45.051053331594176,0.46272595622753976
csdr,3,NCT00783718,sf36_pcs,como_cnt,-0.7529228843470761,0.18655992845747998
csdr,3,NCT00783718,sf36_pcs,age_std,0.2900831717431211,0.24013646106697645
csdr,4,NCT00783718,sf36_pcs,(Intercept),43.74421302765547,0.5115627796295131
csdr,4,NCT00783718,sf36_pcs,como_cnt,-0.7392742172595623,0.1825004749376439
csdr,4,NCT00783718,sf36_pcs,age_std,0.274209492695443,0.23490719383941985
csdr,4,NCT00783718,sf36_pcs,sex,2.135077242856041,0.3894959022892981
csdr,1,NCT01007435,sf36_mcs,(Intercept),51.63787547292367,0.6234358570552385
csdr,1,NCT01007435,sf36_mcs,como_cnt,-1.266272054216505,0.4578881030742462
csdr,2,NCT01007435,sf36_mcs,(Intercept),51.46014212747277,0.6670101086659126
csdr,2,NCT01007435,sf36_mcs,como_cnt,-1.2802924977244203,0.45839152876538364
csdr,2,NCT01007435,sf36_mcs,sex,0.9605630523288847,1.2791861471740757
csdr,3,NCT01007435,sf36_mcs,(Intercept),52.11932305091135,0.7985992895168307
csdr,3,NCT01007435,sf36_mcs,como_cnt,-1.37516928373582,0.4716155608600423
csdr,3,NCT01007435,sf36_mcs,age_std,0.5769791047461441,0.5980796687712676
csdr,4,NCT01007435,sf36_mcs,(Intercept),51.93162219047666,0.8459206502024815
csdr,4,NCT01007435,sf36_mcs,como_cnt,-1.3815995330032396,0.47187029021485855
csdr,4,NCT01007435,sf36_mcs,age_std,0.5440734529396529,0.6002651418939283
csdr,4,NCT01007435,sf36_mcs,sex,0.8660386524063022,1.2835704475795469
csdr,1,NCT01007435,sf36_pcs,(Intercept),47.565673496441384,0.5479406919623866
csdr,1,NCT01007435,sf36_pcs,como_cnt,-2.422314709298397,0.4024399963533327
csdr,2,NCT01007435,sf36_pcs,(Intercept),47.471001483716194,0.5863672365387242
csdr,2,NCT01007435,sf36_pcs,como_cnt,-2.429782883617779,0.4029710651799832
csdr,2,NCT01007435,sf36_pcs,sex,0.5116565902854538,1.1245299529827246
csdr,3,NCT01007435,sf36_pcs,(Intercept),47.51851016385595,0.7022902739173559
csdr,3,NCT01007435,sf36_pcs,como_cnt,-2.411646972065366,0.4147399400022959
csdr,3,NCT01007435,sf36_pcs,age_std,-0.05652174536992708,0.525952802512383
csdr,4,NCT01007435,sf36_pcs,(Intercept),47.404736963977115,0.7440145225320094
csdr,4,NCT01007435,sf36_pcs,como_cnt,-2.415544610219387,0.4150251546492142
csdr,4,NCT01007435,sf36_pcs,age_std,-0.07646721227643566,0.5279525719485857
csdr,4,NCT01007435,sf36_pcs,sex,0.5249415931010272,1.1289416489164845
csdr,1,NCT01119859,sf36_mcs,(Intercept),49.14857435180185,1.2154929046256064
csdr,1,NCT01119859,sf36_mcs,como_cnt,-2.0123180163482695,0.6139166252463562
csdr,2,NCT01119859,sf36_mcs,(Intercept),48.133805938475284,1.2684028928245332
csdr,2,NCT01119859,sf36_mcs,como_cnt,-1.965910368335401,0.6089508071855659
csdr,2,NCT01119859,sf36_mcs,sex,4.863655233851593,1.8961269907451412
csdr,3,NCT01119859,sf36_mcs,(Intercept),50.62326221805162,1.4012511895760218
csdr,3,NCT01119859,sf36_mcs,como_cnt,-2.4465555679628266,0.6453640892489607
csdr,3,NCT01119859,sf36_mcs,age_std,1.9590107611642547,0.9404627150201798
csdr,4,NCT01119859,sf36_mcs,(Intercept),49.53174294299737,1.4625136253953805
csdr,4,NCT01119859,sf36_mcs,como_cnt,-2.362508235006895,0.6415254578812675
csdr,4,NCT01119859,sf36_mcs,age_std,1.7767287760734443,0.936540028841446
csdr,4,NCT01119859,sf36_mcs,sex,4.573850106319084,1.8946888441166785
csdr,1,NCT01119859,sf36_pcs,(Intercept),44.003681929070076,1.0347435327251415
csdr,1,NCT01119859,sf36_pcs,como_cnt,-2.673069150020533,0.522624406270622
csdr,2,NCT01119859,sf36_pcs,(Intercept),43.45924409666106,1.0864151901946044
csdr,2,NCT01119859,sf36_pcs,como_cnt,-2.6481707801466614,0.5215798629522556
csdr,2,NCT01119859,sf36_pcs,sex,2.6094209066110987,1.6240747927468475
csdr,3,NCT01119859,sf36_pcs,(Intercept),44.03254643599379,1.2008847216131124
csdr,3,NCT01119859,sf36_pcs,como_cnt,-2.6815686115689563,0.55308275948107
csdr,3,NCT01119859,sf36_pcs,age_std,0.038344303885176685,0.8059849041457302
csdr,4,NCT01119859,sf36_pcs,(Intercept),43.407253134957216,1.2596651150953584
csdr,4,NCT01119859,sf36_pcs,como_cnt,-2.6334208275871087,0.552546810987927
csdr,4,NCT01119859,sf36_pcs,age_std,-0.06607868412964195,0.8066432905218502
csdr,4,NCT01119859,sf36_pcs,sex,2.6201991085174616,1.6318982602633234
csdr,1,NCT01209702,sf36_mcs,(Intercept),46.21043121394576,1.5503350359508246
csdr,1,NCT01209702,sf36_mcs,como_cnt,-1.0232391382034935,1.2301785221672468
csdr,2,NCT01209702,sf36_mcs,(Intercept),44.32733771159162,2.6868985922404085
csdr,2,NCT01209702,sf36_mcs,como_cnt,-0.9969718406718578,1.232177408369763
csdr,2,NCT01209702,sf36_mcs,sex,2.50173364766818,2.9135441568572022
csdr,3,NCT01209702,sf36_mcs,(Intercept),53.184363942508114,3.1390938594381046
csdr,3,NCT01209702,sf36_mcs,como_cnt,-2.9452487974341017,1.41802477328396
csdr,3,NCT01209702,sf36_mcs,age_std,4.687911231715769,1.8499653827523312
csdr,4,NCT01209702,sf36_mcs,(Intercept),51.08660158743636,3.6705241476848114
csdr,4,NCT01209702,sf36_mcs,como_cnt,-2.982328059577961,1.41693101480805
csdr,4,NCT01209702,sf36_mcs,age_std,4.858347728351471,1.8545037756418032
csdr,4,NCT01209702,sf36_mcs,sex,3.1237712672044524,2.8408615128012533
csdr,1,NCT01209702,sf36_pcs,(Intercept),44.05451936019704,1.4096694984509488
csdr,1,NCT01209702,sf36_pcs,como_cnt,-1.9852319674059618,1.118561536787483
csdr,2,NCT01209702,sf36_pcs,(Intercept),42.752702416501435,2.4469455204456696
csdr,2,NCT01209702,sf36_pcs,como_cnt,-1.967072904699289,1.1221379915535623
csdr,2,NCT01209702,sf36_pcs,sex,1.7294941791665548,2.653350537244428
csdr,3,NCT01209702,sf36_pcs,(Intercept),46.449117672858144,2.932570558578607
csdr,3,NCT01209702,sf36_pcs,como_cnt,-2.6451811332564223,1.3247318773106087
csdr,3,NCT01209702,sf36_pcs,age_std,1.6096605405148103,1.728254795420545
csdr,4,NCT01209702,sf36_pcs,(Intercept),45.140134053458254,3.440733657770466
csdr,4,NCT01209702,sf36_pcs,como_cnt,-2.668318237727956,1.3282250810048508
csdr,4,NCT01209702,sf36_pcs,age_std,1.7160112821537064,1.7384039179630228
csdr,4,NCT01209702,sf36_pcs,sex,1.9492033545347958,2.6630114476498865
csdr,1,NCT01224171,sf36_mcs,(Intercept),39.78969323689697,0.4799307178266237
csdr,1,NCT01224171,sf36_mcs,como_cnt,-1.0162184083300572,0.28508102425188936
csdr,2,NCT01224171,sf36_mcs,(Intercept),38.939831383348796,0.5926532275006808
csdr,2,NCT01224171,sf36_mcs,como_cnt,-0.9083110887316611,0.2869201760914173
csdr,2,NCT01224171,sf36_mcs,sex,1.6673800437490989,0.6896688662732675
csdr,3,NCT01224171,sf36_mcs,(Intercept),40.1658964132141,0.8938619694034637
csdr,3,NCT01224171,sf36_mcs,como_cnt,-1.0643983894981481,0.30122900973539785
csdr,3,NCT01224171,sf36_mcs,age_std,0.2119032438813368,0.42459997975890656
csdr,4,NCT01224171,sf36_mcs,(Intercept),39.30920628247843,0.9569605705643337
csdr,4,NCT01224171,sf36_mcs,como_cnt,-0.9556157851892598,0.302858045275316
csdr,4,NCT01224171,sf36_mcs,age_std,0.20765011914140147,0.42214527444014943
csdr,4,NCT01224171,sf36_mcs,sex,1.6659624953663297,0.6903086813582665
csdr,1,NCT01224171,sf36_pcs,(Intercept),43.25925682417765,0.34741350272250565
csdr,1,NCT01224171,sf36_pcs,como_cnt,-1.2009204695936109,0.20636519713423992
csdr,2,NCT01224171,sf36_pcs,(Intercept),42.3217682336533,0.4249784542590688
csdr,2,NCT01224171,sf36_pcs,como_cnt,-1.0818871460773145,0.20574407979737236
csdr,2,NCT01224171,sf36_pcs,sex,1.8392986584308906,0.4945462120833232
csdr,3,NCT01224171,sf36_pcs,(Intercept),42.19296776157097,0.6442489993106436
csdr,3,NCT01224171,sf36_pcs,como_cnt,-1.0643618486402735,0.21711012967122906
csdr,3,NCT01224171,sf36_pcs,age_std,-0.6006066017132197,0.3060294781861598
csdr,4,NCT01224171,sf36_pcs,(Intercept),41.24501781554369,0.683079546418069
csdr,4,NCT01224171,sf36_pcs,como_cnt,-0.9439910632376636,0.21618041804348112
csdr,4,NCT01224171,sf36_pcs,age_std,-0.6053127950298238,0.30132777823548057
csdr,4,NCT01224171,sf36_pcs,sex,1.843430898649223,0.4927431238599396
csdr,1,NCT01232569,sf36_mcs,(Intercept),47.813190317177174,0.747950637904804
csdr,1,NCT01232569,sf36_mcs,como_cnt,-0.7954894149931337,0.42602421116406664
csdr,2,NCT01232569,sf36_mcs,(Intercept),47.102288799223174,0.7844421829862506
csdr,2,NCT01232569,sf36_mcs,como_cnt,-0.7225202283485166,0.424482575291661
csdr,2,NCT01232569,sf36_mcs,sex,4.05057278996346,1.4184352602761605
csdr,3,NCT01232569,sf36_mcs,(Intercept),48.3759787078115,0.954837452560743
csdr,3,NCT01232569,sf36_mcs,como_cnt,-0.9549748225887031,0.45804852373795507
csdr,3,NCT01232569,sf36_mcs,age_std,0.6793072060334273,0.7163325536200851
csdr,4,NCT01232569,sf36_mcs,(Intercept),47.4735765653682,1.00494907244163
csdr,4,NCT01232569,sf36_mcs,como_cnt,-0.824290049332431,0.45821768876430335
csdr,4,NCT01232569,sf36_mcs,age_std,0.4251365146143227,0.7186935925153531
csdr,4,NCT01232569,sf36_mcs,sex,3.9418975782548538,1.4309839057545979
csdr,1,NCT01232569,sf36_pcs,(Intercept),42.464500924617575,0.6325349670184451
csdr,1,NCT01232569,sf36_pcs,como_cnt,-1.2093465367815257,0.36028475236359064
csdr,2,NCT01232569,sf36_pcs,(Intercept),42.04581731700539,0.6655254591886136
csdr,2,NCT01232569,sf36_pcs,como_cnt,-1.1663715233129632,0.3601335662025453
csdr,2,NCT01232569,sf36_pcs,sex,2.38557435279997,1.2034089935486791
csdr,3,NCT01232569,sf36_pcs,(Intercept),42.45125663189486,0.8080526529594727
csdr,3,NCT01232569,sf36_pcs,como_cnt,-1.2055933118423683,0.38763385725810595
csdr,3,NCT01232569,sf36_pcs,age_std,-0.015986370072799374,0.606212522143522
csdr,4,NCT01232569,sf36_pcs,(Intercept),41.89503362901871,0.8527811788403106
csdr,4,NCT01232569,sf36_pcs,como_cnt,-1.1250417776738206,0.3888350479696587
csdr,4,NCT01232569,sf36_pcs,age_std,-0.17265220515322113,0.6098700778549342
csdr,4,NCT01232569,sf36_pcs,sex,2.429708446913287,1.214306451456322
csdr,1,NCT01646177,sf36_mcs,(Intercept),64.42647676729018,0.7804820724230561
csdr,1,NCT01646177,sf36_mcs,como_cnt,-0.8557284117947845,0.4670077456417294
csdr,2,NCT01646177,sf36_mcs,(Intercept),60.32583288503943,1.156107889644769
csdr,2,NCT01646177,sf36_mcs,como_cnt,-0.6474243660708552,0.4606130987129207
csdr,2,NCT01646177,sf36_mcs,sex,5.711155234937653,1.2056725252159246
csdr,3,NCT01646177,sf36_mcs,(Intercept),65.40431466394973,1.1821035338337578
csdr,3,NCT01646177,sf36_mcs,como_cnt,-1.0575669579466036,0.5016053902822747
csdr,3,NCT01646177,sf36_mcs,age_std,0.7975550816781208,0.724233906304237
csdr,4,NCT01646177,sf36_mcs,(Intercept),61.58891231930152,1.3983614403215556
csdr,4,NCT01646177,sf36_mcs,como_cnt,-0.9295894623881118,0.49259598247810227
csdr,4,NCT01646177,sf36_mcs,age_std,1.142628134393245,0.7137300343683188
csdr,4,NCT01646177,sf36_mcs,sex,5.9031220451984705,1.2099848941588753
csdr,1,NCT01646177,sf36_pcs,(Intercept),69.0571484418546,0.7147183823545513
csdr,1,NCT01646177,sf36_pcs,como_cnt,-3.001057037886705,0.42826730484213266
csdr,2,NCT01646177,sf36_pcs,(Intercept),66.07987532242223,1.0686541556699063
csdr,2,NCT01646177,sf36_pcs,como_cnt,-2.8483965960500286,0.42556736770059206
csdr,2,NCT01646177,sf36_pcs,sex,4.137836318438522,1.113862112495866
csdr,3,NCT01646177,sf36_pcs,(Intercept),67.37673707739533,1.0815866880293805
csdr,3,NCT01646177,sf36_pcs,como_cnt,-2.6534178249226454,0.45902590276685473
csdr,3,NCT01646177,sf36_pcs,age_std,-1.3634409571211705,0.6601072677530005
csdr,4,NCT01646177,sf36_pcs,(Intercept),64.83177100256096,1.291410847752475
csdr,4,NCT01646177,sf36_pcs,como_cnt,-2.5682828713603367,0.4551606259227167
csdr,4,NCT01646177,sf36_pcs,age_std,-1.1269214862266352,0.6570592362975635
csdr,4,NCT01646177,sf36_pcs,sex,3.9421487434583424,1.1178212840352748
csdr,1,NCT01646177,eq5d_index,(Intercept),0.8426253658066597,0.010527527160040497
csdr,1,NCT01646177,eq5d_index,como_cnt,-0.027851658122814527,0.006308212849695965
csdr,2,NCT01646177,eq5d_index,(Intercept),0.8100717099024632,0.015825590878053818
csdr,2,NCT01646177,eq5d_index,como_cnt,-0.026182461077606505,0.006302183935323763
csdr,2,NCT01646177,eq5d_index,sex,0.0452433130232998,0.01649507092018388
csdr,3,NCT01646177,eq5d_index,(Intercept),0.8408764949833293,0.01599015673525448
csdr,3,NCT01646177,eq5d_index,como_cnt,-0.027489856191777223,0.006786230093268592
csdr,3,NCT01646177,eq5d_index,age_std,-0.0014189871359327594,0.009759013114965732
csdr,4,NCT01646177,eq5d_index,(Intercept),0.8115216301464532,0.019173096584341975
csdr,4,NCT01646177,eq5d_index,como_cnt,-0.026507868620537032,0.006757600540055607
csdr,4,NCT01646177,eq5d_index,age_std,0.0013091423932007056,0.009755114122737952
csdr,4,NCT01646177,eq5d_index,sex,0.045470642880224565,0.016595876889327
csdr,1,NCT00348140,eq5d_index,(Intercept),0.8960443366572485,0.0044262697072154885
csdr,1,NCT00348140,eq5d_index,como_cnt,-0.005721584528303922,0.002294053024681764
csdr,2,NCT00348140,eq5d_index,(Intercept),0.8884859867452496,0.005130255069824355
csdr,2,NCT00348140,eq5d_index,como_cnt,-0.005634401693693575,0.002290479628005367
csdr,2,NCT00348140,eq5d_index,sex,0.015144992691372096,0.005638434113603803
csdr,3,NCT00348140,eq5d_index,(Intercept),0.904549303678882,0.00590262710309405
csdr,3,NCT00348140,eq5d_index,como_cnt,-0.004767619745237597,0.002331936909549862
csdr,3,NCT00348140,eq5d_index,age_std,-0.012132917213904453,0.005233415797338527
csdr,4,NCT00348140,eq5d_index,(Intercept),0.897448026535742,0.006470224145215178
csdr,4,NCT00348140,eq5d_index,como_cnt,-0.004668278918016576,0.0023250421955956285
csdr,4,NCT00348140,eq5d_index,age_std,-0.01181979894746418,0.005218607189031677
csdr,4,NCT00348140,eq5d_index,sex,0.014855251474587914,0.005627823977359323
csdr,1,NCT00348309,eq5d_index,(Intercept),0.8743664545052794,0.004789395405464414
csdr,1,NCT00348309,eq5d_index,como_cnt,-0.001982591708648972,0.002413647743926593
csdr,2,NCT00348309,eq5d_index,(Intercept),0.8690851272251392,0.005349772581903975
csdr,2,NCT00348309,eq5d_index,como_cnt,-0.002326307393479783,0.0024236463757990167
csdr,2,NCT00348309,eq5d_index,sex,0.016958347661131152,0.006099884047156437
csdr,3,NCT00348309,eq5d_index,(Intercept),0.8939651956068989,0.00683159928221243
csdr,3,NCT00348309,eq5d_index,como_cnt,-8.938301399447586e-4,0.0024440506941696095
csdr,3,NCT00348309,eq5d_index,age_std,-0.021909235178597015,0.0057834313717304705
csdr,4,NCT00348309,eq5d_index,(Intercept),0.8871695027029759,0.007345559387578179
csdr,4,NCT00348309,eq5d_index,como_cnt,-9.924717092547523e-4,0.002437937213286015
csdr,4,NCT00348309,eq5d_index,age_std,-0.020663226793121915,0.005790102272747836
csdr,4,NCT00348309,eq5d_index,sex,0.015070673995983372,0.0060863437528259606
csdr,1,NCT00428090,eq5d_index,(Intercept),0.8748965869071544,0.006967878339765303
csdr,1,NCT00428090,eq5d_index,como_cnt,-0.006640785965836146,0.004927034024530903
csdr,2,NCT00428090,eq5d_index,(Intercept),0.8685949849383103,0.007933653185491584
csdr,2,NCT00428090,eq5d_index,como_cnt,-0.008453033658409045,0.004968728672400686
csdr,2,NCT00428090,eq5d_index,sex,0.01965004872010002,0.010744727527220244
csdr,3,NCT00428090,eq5d_index,(Intercept),0.8863256924744368,0.010013782765806473
csdr,3,NCT00428090,eq5d_index,como_cnt,-0.007021707217678984,0.005007020593284814
csdr,3,NCT00428090,eq5d_index,age_std,-0.013813857464865634,0.009305236406381517
csdr,4,NCT00428090,eq5d_index,(Intercept),0.8794409855306549,0.010639084622798053
csdr,4,NCT00428090,eq5d_index,como_cnt,-0.007528010699747253,0.004995473683478312
csdr,4,NCT00428090,eq5d_index,age_std,-0.014150367688321605,0.009271774740879864
csdr,4,NCT00428090,eq5d_index,sex,0.01996909932199578,0.010724792555216514
csdr,1,NCT01264939,eq5d_index,(Intercept),0.9191222783403009,0.009903990980532964
csdr,1,NCT01264939,eq5d_index,como_cnt,-0.012633454967255549,0.0037188565088009757
csdr,2,NCT01264939,eq5d_index,(Intercept),0.9189064261760855,0.01045420575224666
csdr,2,NCT01264939,eq5d_index,como_cnt,-0.012620393646190465,0.0037297866538770256
csdr,2,NCT01264939,eq5d_index,sex,6.589338945372741e-4,0.010081891723155698
csdr,3,NCT01264939,eq5d_index,(Intercept),0.9253318069626829,0.012300135645211333
csdr,3,NCT01264939,eq5d_index,como_cnt,-0.013263437006568422,0.003793163092235355
csdr,3,NCT01264939,eq5d_index,age_std,0.004182808902091893,0.004909673502065259
csdr,4,NCT01264939,eq5d_index,(Intercept),0.9253457159486903,0.01292369522784345
csdr,4,NCT01264939,eq5d_index,como_cnt,-0.01326436506092771,0.0038078265465468324
csdr,4,NCT01264939,eq5d_index,age_std,0.004184230613105609,0.004933282213249481
csdr,4,NCT01264939,eq5d_index,sex,-3.601710118116828e-5,0.010119381263090187
csdr,1,NCT01287117,eq5d_index,(Intercept),0.8863514988084784,0.008577047056734212
csdr,1,NCT01287117,eq5d_index,como_cnt,-0.00525709686859817,0.004777129911712376
csdr,2,NCT01287117,eq5d_index,(Intercept),0.8827414572906047,0.00974800211487701
csdr,2,NCT01287117,eq5d_index,como_cnt,-0.005051410339764635,0.004790177539902518
csdr,2,NCT01287117,eq5d_index,sex,0.011068202661798315,0.014142658868700229
csdr,3,NCT01287117,eq5d_index,(Intercept),0.8932281397085453,0.013471952308955095
csdr,3,NCT01287117,eq5d_index,como_cnt,-0.006183358875539415,0.004985497022440479
csdr,3,NCT01287117,eq5d_index,age_std,0.004674401532592281,0.007053289954354119
csdr,4,NCT01287117,eq5d_index,(Intercept),0.8895217724181305,0.014325561811085871
csdr,4,NCT01287117,eq5d_index,como_cnt,-0.0059602170277711026,0.005000403708507729
csdr,4,NCT01287117,eq5d_index,age_std,0.004569736885983558,0.00706375704262536
csdr,4,NCT01287117,eq5d_index,sex,0.010891452938670141,0.01417138936733978
csdr,1,NCT01292473,eq5d_index,(Intercept),0.9012811208331096,0.009164905485235632
csdr,1,NCT01292473,eq5d_index,como_cnt,-0.007342530463256211,0.005230633580877502
csdr,2,NCT01292473,eq5d_index,(Intercept),0.9011876253634675,0.010389507918160457
csdr,2,NCT01292473,eq5d_index,como_cnt,-0.007326743191985588,0.005310776049366507
csdr,2,NCT01292473,eq5d_index,sex,2.89612089119085e-4,0.014984588831208888
csdr,3,NCT01292473,eq5d_index,(Intercept),0.900891190956278,0.013546481474465102
csdr,3,NCT01292473,eq5d_index,como_cnt,-0.0072917285150601125,0.005405256063828367
csdr,3,NCT01292473,eq5d_index,age_std,-2.990770642714508e-4,0.007630306575830491
csdr,4,NCT01292473,eq5d_index,(Intercept),0.9007488472406957,0.01485457088891679
csdr,4,NCT01292473,eq5d_index,como_cnt,-0.007268711815888717,0.005508871473666747
csdr,4,NCT01292473,eq5d_index,age_std,-3.1933810590167844e-4,0.007702616701006089
csdr,4,NCT01292473,eq5d_index,sex,3.5909869433511124e-4,0.01512653617574907
csdr,1,NCT00046254,eq5d_index,(Intercept),0.8144962341866464,0.003891942332834881
csdr,1,NCT00046254,eq5d_index,como_cnt,3.509343435374186e-4,0.0014080889254994857
csdr,2,NCT00046254,eq5d_index,(Intercept),0.8097411943989531,0.004070071611418207
csdr,2,NCT00046254,eq5d_index,como_cnt,3.1294310298615675e-4,0.0014034503035483996
csdr,2,NCT00046254,eq5d_index,sex,0.020217089552760574,0.005239528190992388
csdr,3,NCT00046254,eq5d_index,(Intercept),0.8187080560130361,0.0046568027762112175
csdr,3,NCT00046254,eq5d_index,como_cnt,8.556393981401674e-4,0.0014405407676130746
csdr,3,NCT00046254,eq5d_index,age_std,-0.005517504392110091,0.003352948653831328
csdr,4,NCT00046254,eq5d_index,(Intercept),0.8130952883241842,0.004883830181698423
csdr,4,NCT00046254,eq5d_index,como_cnt,6.96322348465994e-4,0.0014368056418440048
csdr,4,NCT00046254,eq5d_index,age_std,-0.00417667201215495,0.0033623108800793075
csdr,4,NCT00046254,eq5d_index,sex,0.0195121335541929,0.005269492860020139
csdr,1,NCT00100620,eq5d_index,(Intercept),0.8586551620465743,0.007319874826684157
csdr,1,NCT00100620,eq5d_index,como_cnt,-0.002963877537210716,0.0027004435883297502
csdr,2,NCT00100620,eq5d_index,(Intercept),0.8536057070149327,0.007579485312786555
csdr,2,NCT00100620,eq5d_index,como_cnt,-0.0033258938077905683,0.002696166364509034
csdr,2,NCT00100620,eq5d_index,sex,0.01870024430169777,0.0075862234679516145
csdr,3,NCT00100620,eq5d_index,(Intercept),0.8528356827400729,0.007857503012187817
csdr,3,NCT00100620,eq5d_index,como_cnt,-0.0016767202713459785,0.002770260160217568
csdr,3,NCT00100620,eq5d_index,age_std,-0.007514070140913263,0.0037327585593369033
csdr,4,NCT00100620,eq5d_index,(Intercept),0.8467912769525707,0.008155909388184683
csdr,4,NCT00100620,eq5d_index,como_cnt,-0.001927720169207483,0.0027618608322635733
csdr,4,NCT00100620,eq5d_index,age_std,-0.008317986876596488,0.0037316469652613976
csdr,4,NCT00100620,eq5d_index,sex,0.02007915737886087,0.0075932393036287444
csdr,1,NCT00439647,eq5d_index,(Intercept),0.9453183315942741,0.00352105406638086
csdr,1,NCT00439647,eq5d_index,como_cnt,-0.01461681036849894,0.0017543144638283992
csdr,2,NCT00439647,eq5d_index,(Intercept),0.9453183315942741,0.00352105406638086
csdr,2,NCT00439647,eq5d_index,como_cnt,-0.01461681036849894,0.0017543144638283992
csdr,3,NCT00439647,eq5d_index,(Intercept),0.9430564356996715,0.0036713100251683593
csdr,3,NCT00439647,eq5d_index,como_cnt,-0.015347508653046361,0.0017846792324533736
csdr,3,NCT00439647,eq5d_index,age_std,0.00871044168041692,0.00407121793679358
csdr,4,NCT00439647,eq5d_index,(Intercept),0.9430564356996715,0.0036713100251683593
csdr,4,NCT00439647,eq5d_index,como_cnt,-0.015347508653046361,0.0017846792324533736
csdr,4,NCT00439647,eq5d_index,age_std,0.00871044168041692,0.00407121793679358
csdr,1,NCT00670501,eq5d_index,(Intercept),0.8785899893503745,0.011768422310793279
csdr,1,NCT00670501,eq5d_index,como_cnt,-0.007184614420848215,0.0048284306402422315
csdr,2,NCT00670501,eq5d_index,(Intercept),0.8785899893503745,0.011768422310793279
csdr,2,NCT00670501,eq5d_index,como_cnt,-0.007184614420848215,0.0048284306402422315
csdr,3,NCT00670501,eq5d_index,(Intercept),0.8842185900384676,0.01282452501041062
csdr,3,NCT00670501,eq5d_index,como_cnt,-0.006225851564530592,0.00490426781569113
csdr,3,NCT00670501,eq5d_index,age_std,-0.013207270217424362,0.01198391891083925
csdr,4,NCT00670501,eq5d_index,(Intercept),0.8842185900384676,0.01282452501041062
csdr,4,NCT00670501,eq5d_index,como_cnt,-0.006225851564530592,0.00490426781569113
csdr,4,NCT00670501,eq5d_index,age_std,-0.013207270217424362,0.01198391891083925
csdr,1,NCT00466167,eq5d_index,(Intercept),0.7858935374149656,0.0067207799417506025
csdr,1,NCT00466167,eq5d_index,como_cnt,-0.008699947089947119,0.0047908751041220365
csdr,2,NCT00466167,eq5d_index,(Intercept),0.7736812770936041,0.009059882935003875
csdr,2,NCT00466167,eq5d_index,como_cnt,-0.007547146827892665,0.004804674452671587
csdr,2,NCT00466167,eq5d_index,sex,0.020458145495614276,0.010232006006846843
csdr,3,NCT00466167,eq5d_index,(Intercept),0.7867879702194065,0.0067113459524135305
csdr,3,NCT00466167,eq5d_index,como_cnt,-0.01106522495057944,0.004930964562670341
csdr,3,NCT00466167,eq5d_index,age_std,0.015432115287886907,0.008091576733534087
csdr,4,NCT00466167,eq5d_index,(Intercept),0.7750674040999991,0.009061291627754936
csdr,4,NCT00466167,eq5d_index,como_cnt,-0.009848631934986916,0.004952574215096144
csdr,4,NCT00466167,eq5d_index,age_std,0.014686457755054137,0.008069363085866412
csdr,4,NCT00466167,eq5d_index,sex,0.019562053759238255,0.010209265131825455
csdr,1,NCT00291330,eq5d_index,(Intercept),0.850044891228175,0.003064589793383417
csdr,1,NCT00291330,eq5d_index,como_cnt,-0.008948651946750638,0.0015212549493462083
csdr,2,NCT00291330,eq5d_index,(Intercept),0.8318886311451043,0.003921273268905163
csdr,2,NCT00291330,eq5d_index,como_cnt,-0.008147927867374258,0.0015105371623651406
csdr,2,NCT00291330,eq5d_index,sex,0.02917869337647974,0.003975590365019547
csdr,3,NCT00291330,eq5d_index,(Intercept),0.8593575322505518,0.003281627083336579
csdr,3,NCT00291330,eq5d_index,como_cnt,-0.011655909648632123,0.001551307643516131
csdr,3,NCT00291330,eq5d_index,age_std,0.014024202885015012,0.0018966829904887574
csdr,4,NCT00291330,eq5d_index,(Intercept),0.8418140824791439,0.004144335189351371
csdr,4,NCT00291330,eq5d_index,como_cnt,-0.010738108105661181,0.0015433798251486802
csdr,4,NCT00291330,eq5d_index,age_std,0.012991511294854034,0.0018858951690463
csdr,4,NCT00291330,eq5d_index,sex,0.026995907433262578,0.003952363951631913
csdr,1,NCT00558259,eq5d_index,(Intercept),0.9481001155421205,0.0029129734583260973
csdr,1,NCT00558259,eq5d_index,como_cnt,-0.01894649025353539,0.0016700601160869989
csdr,2,NCT00558259,eq5d_index,(Intercept),0.9314514530078808,0.0038927374192686557
csdr,2,NCT00558259,eq5d_index,como_cnt,-0.01789346610223796,0.0016552290677277126
csdr,2,NCT00558259,eq5d_index,sex,0.02774036560042251,0.004392234986181708
csdr,3,NCT00558259,eq5d_index,(Intercept),0.9440991456007825,0.0032384836051136756
csdr,3,NCT00558259,eq5d_index,como_cnt,-0.017042552868511793,0.0018002937455387732
csdr,3,NCT00558259,eq5d_index,age_std,-0.006442501141622938,0.00233325232847447
csdr,4,NCT00558259,eq5d_index,(Intercept),0.9263054237589945,0.004190560844592475
csdr,4,NCT00558259,eq5d_index,como_cnt,-0.015677869734818717,0.0017850847114914351
csdr,4,NCT00558259,eq5d_index,age_std,-0.007474471046081978,0.0023031092284117325
csdr,4,NCT00558259,eq5d_index,sex,0.028715010878655724,0.004387009467927112
csdr,1,NCT00680186,eq5d_index,(Intercept),0.8336529478182062,0.0030942255917929882
csdr,1,NCT00680186,eq5d_index,como_cnt,-0.00621126670616622,0.0016236063628156771
csdr,2,NCT00680186,eq5d_index,(Intercept),0.8121189373146456,0.004049807266512865
csdr,2,NCT00680186,eq5d_index,como_cnt,-0.005265270257744563,0.0016087286328894856
csdr,2,NCT00680186,eq5d_index,sex,0.033516970979329694,0.004096927992222233
csdr,3,NCT00680186,eq5d_index,(Intercept),0.8390513466425189,0.00333783793088189
csdr,3,NCT00680186,eq5d_index,como_cnt,-0.007940850008283318,0.0016740290644109217
csdr,3,NCT00680186,eq5d_index,age_std,0.007907989484732827,0.0019270471036141666
csdr,4,NCT00680186,eq5d_index,(Intercept),0.8172936210470002,0.00420461187143848
csdr,4,NCT00680186,eq5d_index,como_cnt,-0.007073156670328248,0.0016552364044820967
csdr,4,NCT00680186,eq5d_index,age_std,0.00833586705664564,0.0019023277462157182
csdr,4,NCT00680186,eq5d_index,sex,0.03400041580647269,0.004083812217540306
csdr,1,NCT01209702,eq5d_index,(Intercept),0.7685599203475746,0.009930056551235047
csdr,1,NCT01209702,eq5d_index,como_cnt,-0.011515025343953695,0.007879420905780903
csdr,2,NCT01209702,eq5d_index,(Intercept),0.7598799603545651,0.01724073172623981
csdr,2,NCT01209702,eq5d_index,como_cnt,-0.011393948460934323,0.007906379570180576
csdr,2,NCT01209702,eq5d_index,sex,0.011531529341362244,0.018695023818909404
csdr,3,NCT01209702,eq5d_index,(Intercept),0.7846095524129122,0.020666312261264017
csdr,3,NCT01209702,eq5d_index,como_cnt,-0.015938289670886084,0.009335605773871337
csdr,3,NCT01209702,eq5d_index,age_std,0.010788640119204567,0.012179298862803669
csdr,4,NCT01209702,eq5d_index,(Intercept),0.7758769496906847,0.02425430296509055
csdr,4,NCT01209702,eq5d_index,como_cnt,-0.01609264388777476,0.009362879177750262
csdr,4,NCT01209702,eq5d_index,age_std,0.011498136221510654,0.012254297918920277
csdr,4,NCT01209702,eq5d_index,sex,0.013003691007064814,0.01877200994762773
csdr,1,NCT00734474,eq5d_index,(Intercept),0.9349328362456597,0.006006528415474725
csdr,1,NCT00734474,eq5d_index,como_cnt,-0.012137382131405723,0.0033837886953543973
csdr,2,NCT00734474,eq5d_index,(Intercept),0.9135782584184541,0.007074126087233451
csdr,2,NCT00734474,eq5d_index,como_cnt,-0.011457646196584303,0.003292029679103136
csdr,2,NCT00734474,eq5d_index,sex,0.041514301178021545,0.007763041391294959
csdr,3,NCT00734474,eq5d_index,(Intercept),0.92646444110657,0.006999822245750279
csdr,3,NCT00734474,eq5d_index,como_cnt,-0.010468707231234704,0.003443713944706135
csdr,3,NCT00734474,eq5d_index,age_std,-0.014628080759418877,0.00628800626917034
csdr,4,NCT00734474,eq5d_index,(Intercept),0.9052527988517048,0.007870177429666293
csdr,4,NCT00734474,eq5d_index,como_cnt,-0.009809309436512054,0.0033493999270741348
csdr,4,NCT00734474,eq5d_index,age_std,-0.014463009961984071,0.006111748073875705
csdr,4,NCT00734474,eq5d_index,sex,0.04142220421050248,0.007725742783590021
csdr,1,NCT01064687,eq5d_index,(Intercept),0.9638352459016394,0.008480694058624833
csdr,1,NCT01064687,eq5d_index,como_cnt,-0.016016029143898023,0.003687069915861865
csdr,2,NCT01064687,eq5d_index,(Intercept),0.9497213190192294,0.010495308154384141
csdr,2,NCT01064687,eq5d_index,como_cnt,-0.015059685942682683,0.0036862518211181615
csdr,2,NCT01064687,eq5d_index,sex,0.02072496384739035,0.009195282656682137
csdr,3,NCT01064687,eq5d_index,(Intercept),0.9633343802133081,0.009147417717589692
csdr,3,NCT01064687,eq5d_index,como_cnt,-0.015912156059948133,0.0037596587781905237
csdr,3,NCT01064687,eq5d_index,age_std,-0.0010468667804764905,0.0070919222744222484
csdr,4,NCT01064687,eq5d_index,(Intercept),0.9480817128163798,0.011278152247106567
csdr,4,NCT01064687,eq5d_index,como_cnt,-0.014758842812141371,0.0037670535353612924
csdr,4,NCT01064687,eq5d_index,age_std,-0.0028403239265105957,0.0070853379196108585
csdr,4,NCT01064687,eq5d_index,sex,0.02113710726753744,0.009265696929465222
csdr,1,NCT01075282,eq5d_index,(Intercept),0.9459684460001114,0.005812058968171163
csdr,1,NCT01075282,eq5d_index,como_cnt,-0.012680841555326299,0.0033691140008051904
csdr,2,NCT01075282,eq5d_index,(Intercept),0.9197955098224668,0.007121528369400685
csdr,2,NCT01075282,eq5d_index,como_cnt,-0.009759958308336208,0.0033006643509897794
csdr,2,NCT01075282,eq5d_index,sex,0.043171465954426086,0.007189678120377884
csdr,3,NCT01075282,eq5d_index,(Intercept),0.9417494503636131,0.006375999557818023
csdr,3,NCT01075282,eq5d_index,como_cnt,-0.011316395925109978,0.0034709291380766506
csdr,3,NCT01075282,eq5d_index,age_std,-0.009509926565148603,0.005951108498578562
csdr,4,NCT01075282,eq5d_index,(Intercept),0.9136995972361897,0.007663875738305784
csdr,4,NCT01075282,eq5d_index,como_cnt,-0.007934823192005155,0.0034018687272196263
csdr,4,NCT01075282,eq5d_index,age_std,-0.012183522596256286,0.00577270352077628
csdr,4,NCT01075282,eq5d_index,sex,0.04431091879378769,0.007187013785103512
csdr,1,NCT01164501,eq5d_index,(Intercept),0.9328941519014357,0.003524950422033312
csdr,1,NCT01164501,eq5d_index,como_cnt,-0.010386890601143306,0.004981124396033349
csdr,2,NCT01164501,eq5d_index,(Intercept),0.9122865811257336,0.005055920624817884
csdr,2,NCT01164501,eq5d_index,como_cnt,-0.010097546771193277,0.0048677370612265885
csdr,2,NCT01164501,eq5d_index,sex,0.03542952296905499,0.006362995465610938
csdr,3,NCT01164501,eq5d_index,(Intercept),0.9381119987639857,0.003813722515539714
csdr,3,NCT01164501,eq5d_index,como_cnt,-0.011254923114549245,0.004946156683871231
csdr,3,NCT01164501,eq5d_index,age_std,-0.018505357467615204,0.005408076884917729
csdr,4,NCT01164501,eq5d_index,(Intercept),0.917462491063279,0.005217356152708484
csdr,4,NCT01164501,eq5d_index,como_cnt,-0.010976611142833876,0.004829988224555028
csdr,4,NCT01164501,eq5d_index,age_std,-0.018775932227152334,0.005281001996459831
csdr,4,NCT01164501,eq5d_index,sex,0.03563278844484062,0.006305632439311116
csdr,1,NCT01191268,eq5d_index,(Intercept),0.9379665189766099,0.005998667622384863
csdr,1,NCT01191268,eq5d_index,como_cnt,-0.009489021821464412,0.0026912645523910653
csdr,2,NCT01191268,eq5d_index,(Intercept),0.9173370753549865,0.007236359288327019
csdr,2,NCT01191268,eq5d_index,como_cnt,-0.008178590875653651,0.002654181596683178
csdr,2,NCT01191268,eq5d_index,sex,0.03328681115988903,0.0067924772035688336
csdr,3,NCT01191268,eq5d_index,(Intercept),0.9368263722151414,0.006153783346840773
csdr,3,NCT01191268,eq5d_index,como_cnt,-0.009092726369756164,0.002733518169037722
csdr,3,NCT01191268,eq5d_index,age_std,-0.004683494647314486,0.005612321348902987
csdr,4,NCT01191268,eq5d_index,(Intercept),0.9152315149697603,0.007426410520748122
csdr,4,NCT01191268,eq5d_index,como_cnt,-0.0075675371455187134,0.0026975698887177846
csdr,4,NCT01191268,eq5d_index,age_std,-0.006902288834952954,0.005520765936823254
csdr,4,NCT01191268,eq5d_index,sex,0.0339730121415686,0.006811408943579786
csdr,1,NCT01624259,eq5d_index,(Intercept),0.9730005404254575,0.004673674925845913
csdr,1,NCT01624259,eq5d_index,como_cnt,-0.017750937556294213,0.0024904619487875687
csdr,2,NCT01624259,eq5d_index,(Intercept),0.968866134420957,0.005549644624889339
csdr,2,NCT01624259,eq5d_index,como_cnt,-0.017554882718284724,0.0024926377187800414
csdr,2,NCT01624259,eq5d_index,sex,0.008042792457758421,0.005832206747830112
csdr,3,NCT01624259,eq5d_index,(Intercept),0.9699609540010585,0.005038071356093763
csdr,3,NCT01624259,eq5d_index,como_cnt,-0.016940969454880772,0.002538006933547225
csdr,3,NCT01624259,eq5d_index,age_std,-0.007399826273403022,0.004616722917553881
csdr,4,NCT01624259,eq5d_index,(Intercept),0.9656859042372035,0.005875280872819241
csdr,4,NCT01624259,eq5d_index,como_cnt,-0.016727341094011566,0.0025404110669060218
csdr,4,NCT01624259,eq5d_index,age_std,-0.0075210116083433524,0.004613682141167285
csdr,4,NCT01624259,eq5d_index,sex,0.008219555282718512,0.005825110048967872
csdr,1,NCT01719003,eq5d_index,(Intercept),0.946775091179253,0.005770629815675222
csdr,1,NCT01719003,eq5d_index,como_cnt,-0.007899230041875037,0.009134412995482703
csdr,2,NCT01719003,eq5d_index,(Intercept),0.9411236006397088,0.008383762603528043
csdr,2,NCT01719003,eq5d_index,como_cnt,-0.008187571395933412,0.009142489041390355
csdr,2,NCT01719003,eq5d_index,sex,0.00948707130708512,0.010206459125168503
csdr,3,NCT01719003,eq5d_index,(Intercept),0.9447009192396227,0.007004227515659029
csdr,3,NCT01719003,eq5d_index,como_cnt,-0.007820250176338273,0.009150674640316228
csdr,3,NCT01719003,eq5d_index,age_std,-0.003671125646098731,0.007001701654485661
csdr,4,NCT01719003,eq5d_index,(Intercept),0.9378028366587258,0.009737566732252954
csdr,4,NCT01719003,eq5d_index,como_cnt,-0.00811708827480168,0.009154480924573794
csdr,4,NCT01719003,eq5d_index,age_std,-0.004765776846450945,0.007082907980752231
csdr,4,NCT01719003,eq5d_index,sex,0.010541483958966081,0.010338631346254512
csdr,1,NCT00410384,eq5d_index,(Intercept),0.8594047195617006,0.008077706765105996
csdr,1,NCT00410384,eq5d_index,como_cnt,-0.013664260365411117,0.0027592742469463873
csdr,2,NCT00410384,eq5d_index,(Intercept),0.8574269840623605,0.008139085135099058
csdr,2,NCT00410384,eq5d_index,como_cnt,-0.013654573860381772,0.0027538639136759167
csdr,2,NCT00410384,eq5d_index,sex,0.027858255163869965,0.015756402166943448
csdr,3,NCT00410384,eq5d_index,(Intercept),0.8419548042711265,0.012402093949533698
csdr,3,NCT00410384,eq5d_index,como_cnt,-0.012086997660327118,0.002881921201717678
csdr,3,NCT00410384,eq5d_index,age_std,-0.010193619990677893,0.005506490569730056
csdr,4,NCT00410384,eq5d_index,(Intercept),0.8386088394396972,0.01249631896823162
csdr,4,NCT00410384,eq5d_index,como_cnt,-0.011966493777039212,0.0028756334341571593
csdr,4,NCT00410384,eq5d_index,age_std,-0.010905057259667103,0.00550584849631901
csdr,4,NCT00410384,eq5d_index,sex,0.029976184806187398,0.01575019440688675
csdr,1,NCT01358578,eq5d_index,(Intercept),0.8544402278390869,0.005183965609533134
csdr,1,NCT01358578,eq5d_index,como_cnt,0.012447632609469607,0.015488548716706107
csdr,2,NCT01358578,eq5d_index,(Intercept),0.8333446857601446,0.01019524349892385
csdr,2,NCT01358578,eq5d_index,como_cnt,0.015074183678587547,0.016577155002865957
csdr,2,NCT01358578,eq5d_index,sex,0.014838725318085126,0.012171304492688453
csdr,3,NCT01358578,eq5d_index,(Intercept),0.8342566856461063,0.008831963684885123
csdr,3,NCT01358578,eq5d_index,como_cnt,0.014907976799737002,0.016561990564791605
csdr,3,NCT01358578,eq5d_index,age_std,-0.008888674208747071,0.00633919080127692
csdr,4,NCT01358578,eq5d_index,(Intercept),0.8217482800971692,0.012640425633132207
csdr,4,NCT01358578,eq5d_index,como_cnt,0.015130954826539214,0.016535427113902726
csdr,4,NCT01358578,eq5d_index,age_std,-0.00983264226873665,0.006365526091595971
csdr,4,NCT01358578,eq5d_index,sex,0.01686414135597345,0.01221124015336547
csdr,1,NCT01365455,eq5d_index,(Intercept),0.8660596901435215,0.0068269695590812965
csdr,1,NCT01365455,eq5d_index,como_cnt,-0.01962018819503841,0.01176159284498531
csdr,2,NCT01365455,eq5d_index,(Intercept),0.8427536518980512,0.011146363969987742
csdr,2,NCT01365455,eq5d_index,como_cnt,-0.01912791196510341,0.011665219775106222
csdr,2,NCT01365455,eq5d_index,sex,0.041630595911893005,0.013091541198124685
csdr,3,NCT01365455,eq5d_index,(Intercept),0.868311080466967,0.009962697121516657
csdr,3,NCT01365455,eq5d_index,como_cnt,-0.018731429062473645,0.011889012598402623
csdr,3,NCT01365455,eq5d_index,age_std,-0.002337730542625923,0.006983095968848355
csdr,4,NCT01365455,eq5d_index,(Intercept),0.8402006216818384,0.01319791605876075
csdr,4,NCT01365455,eq5d_index,como_cnt,-0.019048159320500278,0.011686817467054654
csdr,4,NCT01365455,eq5d_index,age_std,-0.0024901605230147734,0.006864253147632779
csdr,4,NCT01365455,eq5d_index,sex,0.04166384712706759,0.01311377922525874
csdr,1,NCT01335464,eq5d_index,(Intercept),0.9227949519523938,0.006631886761501113
csdr,1,NCT01335464,eq5d_index,como_cnt,-0.012374344440664226,0.002586735371055061
csdr,2,NCT01335464,eq5d_index,(Intercept),0.8935993824469352,0.011267501111115394
csdr,2,NCT01335464,eq5d_index,como_cnt,-0.01095566724330636,0.0026020948868903156
csdr,2,NCT01335464,eq5d_index,sex,0.032493683722120206,0.01018535265022584
csdr,3,NCT01335464,eq5d_index,(Intercept),0.9225852548198724,0.006908052121153555
csdr,3,NCT01335464,eq5d_index,como_cnt,-0.012454802521186857,0.0026911145242609776
csdr,3,NCT01335464,eq5d_index,age_std,8.195701948265579e-4,0.007471050465980899
csdr,4,NCT01335464,eq5d_index,(Intercept),0.8933859027882303,0.011437265938536832
csdr,4,NCT01335464,eq5d_index,como_cnt,-0.011037338468483742,0.002704095384919942
csdr,4,NCT01335464,eq5d_index,age_std,8.322003544900535e-4,0.00740486125544926
csdr,4,NCT01335464,eq5d_index,sex,0.032494296904439446,0.010195227965263447
csdr,1,NCT01335477,eq5d_index,(Intercept),0.9257700271432348,0.006813105800425828
csdr,1,NCT01335477,eq5d_index,como_cnt,-0.015221697773293926,0.0026394257832307454
csdr,2,NCT01335477,eq5d_index,(Intercept),0.8884458985420537,0.01067591746162592
csdr,2,NCT01335477,eq5d_index,como_cnt,-0.013957880152407339,0.002609626559297697
csdr,2,NCT01335477,eq5d_index,sex,0.044562951475265324,0.00992678162467742
csdr,3,NCT01335477,eq5d_index,(Intercept),0.9277238559987764,0.007284836744175601
csdr,3,NCT01335477,eq5d_index,como_cnt,-0.014825836136708355,0.0026913722985700086
csdr,3,NCT01335477,eq5d_index,age_std,-0.0062454383664893405,0.008221019605748864
csdr,4,NCT01335477,eq5d_index,(Intercept),0.8905596642589636,0.010880487233034709
csdr,4,NCT01335477,eq5d_index,como_cnt,-0.01342734472483227,0.0026623222408330856
csdr,4,NCT01335477,eq5d_index,age_std,-0.00813912351596283,0.008088335110429883
csdr,4,NCT01335477,eq5d_index,sex,0.04507931518925484,0.009939921233484486
csdr,1,NCT00125918,eq5d_index,(Intercept),0.843718728614901,0.010658464837924451
csdr,1,NCT00125918,eq5d_index,como_cnt,-0.00843223016554795,0.004156381723862368
csdr,2,NCT00125918,eq5d_index,(Intercept),0.8430089891102811,0.011589007814852425
csdr,2,NCT00125918,eq5d_index,como_cnt,-0.008375389804250972,0.00418477428948068
csdr,2,NCT00125918,eq5d_index,sex,0.0026270880580334475,0.01654852071860062
csdr,3,NCT00125918,eq5d_index,(Intercept),0.8461183715187021,0.011805613022965677
csdr,3,NCT00125918,eq5d_index,como_cnt,-0.008877550393874186,0.004269591431524294
csdr,3,NCT00125918,eq5d_index,age_std,0.003326992124624633,0.006960626359953265
csdr,4,NCT00125918,eq5d_index,(Intercept),0.8458680725426236,0.013233502399729877
csdr,4,NCT00125918,eq5d_index,como_cnt,-0.00885178497397648,0.00432629741514484
csdr,4,NCT00125918,eq5d_index,age_std,0.0032518164001953845,0.007204722577680546
csdr,4,NCT00125918,eq5d_index,sex,7.257768299570929e-4,0.017117628605413205
csdr,1,NCT00424476,eq5d_index,(Intercept),0.8757820352014903,0.00818957672066385
csdr,1,NCT00424476,eq5d_index,como_cnt,-0.010151852287089563,0.0036710835778297657
csdr,2,NCT00424476,eq5d_index,(Intercept),0.8748435197039678,0.008236201920655705
csdr,2,NCT00424476,eq5d_index,como_cnt,-0.01019604564950116,0.0036708975007321756
csdr,2,NCT00424476,eq5d_index,sex,0.021059829163572904,0.019834235511918413
csdr,3,NCT00424476,eq5d_index,(Intercept),0.856681263714148,0.013371071286334368
csdr,3,NCT00424476,eq5d_index,como_cnt,-0.008909386954766878,0.003727734211739362
csdr,3,NCT00424476,eq5d_index,age_std,-0.010364936680318605,0.005742522085008717
csdr,4,NCT00424476,eq5d_index,(Intercept),0.856390074167284,0.013375273914306166
csdr,4,NCT00424476,eq5d_index,como_cnt,-0.008986168594531168,0.0037288060264681648
csdr,4,NCT00424476,eq5d_index,age_std,-0.010059732012721739,0.005751551070737145
csdr,4,NCT00424476,eq5d_index,sex,0.019155007451092002,0.01982734293282752
yoda,1,NCT00265083,sf36_pcs,(Intercept),45.861,0.969
yoda,1,NCT00265083,sf36_pcs,como_cnt,-2.858,0.73
yoda,2,NCT00265083,sf36_pcs,(Intercept),46.539,1.914
yoda,2,NCT00265083,sf36_pcs,como_cnt,-2.977,0.787
yoda,2,NCT00265083,sf36_pcs,age_std,0.419,1.019
yoda,3,NCT00265083,sf36_pcs,(Intercept),44.321,1.595
yoda,3,NCT00265083,sf36_pcs,como_cnt,-2.699,0.741
yoda,3,NCT00265083,sf36_pcs,sex,2.006,1.651
yoda,4,NCT00265083,sf36_pcs,(Intercept),45.157,2.2
yoda,4,NCT00265083,sf36_pcs,como_cnt,-2.851,0.792
yoda,4,NCT00265083,sf36_pcs,age_std,0.566,1.024
yoda,4,NCT00265083,sf36_pcs,sex,2.111,1.665
yoda,1,NCT00265083,sf36_mcs,(Intercept),49.709,1.266
yoda,1,NCT00265083,sf36_mcs,como_cnt,-1.282,0.954
yoda,2,NCT00265083,sf36_mcs,(Intercept),51.377,2.498
yoda,2,NCT00265083,sf36_mcs,como_cnt,-1.573,1.027
yoda,2,NCT00265083,sf36_mcs,age_std,1.031,1.33
yoda,3,NCT00265083,sf36_mcs,(Intercept),46.167,2.068
yoda,3,NCT00265083,sf36_mcs,como_cnt,-0.916,0.961
yoda,3,NCT00265083,sf36_mcs,sex,4.615,2.141
yoda,4,NCT00265083,sf36_mcs,(Intercept),48.191,2.848
yoda,4,NCT00265083,sf36_mcs,como_cnt,-1.284,1.025
yoda,4,NCT00265083,sf36_mcs,age_std,1.371,1.326
yoda,4,NCT00265083,sf36_mcs,sex,4.868,2.155
yoda,1,NCT00207766,sf36_pcs,(Intercept),60.892,1.209
yoda,1,NCT00207766,sf36_pcs,como_cnt,-3.21,0.765
yoda,2,NCT00207766,sf36_pcs,(Intercept),59.462,2.214
yoda,2,NCT00207766,sf36_pcs,como_cnt,-3.045,0.792
yoda,2,NCT00207766,sf36_pcs,age_std,-0.871,1.16
yoda,3,NCT00207766,sf36_pcs,(Intercept),58.578,1.559
yoda,3,NCT00207766,sf36_pcs,como_cnt,-2.905,0.771
yoda,3,NCT00207766,sf36_pcs,sex,3.868,1.664
yoda,4,NCT00207766,sf36_pcs,(Intercept),57.108,2.419
yoda,4,NCT00207766,sf36_pcs,como_cnt,-2.743,0.797
yoda,4,NCT00207766,sf36_pcs,age_std,-0.909,1.151
yoda,4,NCT00207766,sf36_pcs,sex,3.873,1.667
yoda,1,NCT00207766,sf36_mcs,(Intercept),58.722,1.299
yoda,1,NCT00207766,sf36_mcs,como_cnt,-3.585,0.822
yoda,2,NCT00207766,sf36_mcs,(Intercept),61.036,2.382
yoda,2,NCT00207766,sf36_mcs,como_cnt,-3.775,0.852
yoda,2,NCT00207766,sf36_mcs,age_std,1.548,1.248
yoda,3,NCT00207766,sf36_mcs,(Intercept),56.402,1.678
yoda,3,NCT00207766,sf36_mcs,como_cnt,-3.279,0.829
yoda,3,NCT00207766,sf36_mcs,sex,3.878,1.791
yoda,4,NCT00207766,sf36_mcs,(Intercept),58.76,2.607
yoda,4,NCT00207766,sf36_mcs,como_cnt,-3.484,0.858
yoda,4,NCT00207766,sf36_mcs,age_std,1.511,1.241
yoda,4,NCT00207766,sf36_mcs,sex,3.745,1.796
yoda,1,NCT01369329,sf36_pcs,(Intercept),49.354,0.533
yoda,1,NCT01369329,sf36_pcs,como_cnt,-0.992,0.385
yoda,2,NCT01369329,sf36_pcs,(Intercept),48.362,1.04
yoda,2,NCT01369329,sf36_pcs,como_cnt,-0.875,0.399
yoda,2,NCT01369329,sf36_pcs,age_std,-0.59,0.531
yoda,3,NCT01369329,sf36_pcs,(Intercept),47.721,0.639
yoda,3,NCT01369329,sf36_pcs,como_cnt,-0.898,0.379
yoda,3,NCT01369329,sf36_pcs,sex,3.559,0.797
yoda,4,NCT01369329,sf36_pcs,(Intercept),46.894,1.074
yoda,4,NCT01369329,sf36_pcs,como_cnt,-0.8,0.393
yoda,4,NCT01369329,sf36_pcs,age_std,-0.5,0.522
yoda,4,NCT01369329,sf36_pcs,sex,3.529,0.798
yoda,1,NCT01369329,sf36_mcs,(Intercept),39.961,0.476
yoda,1,NCT01369329,sf36_mcs,como_cnt,-0.712,0.344
yoda,2,NCT01369329,sf36_mcs,(Intercept),40.815,0.929
yoda,2,NCT01369329,sf36_mcs,como_cnt,-0.813,0.356
yoda,2,NCT01369329,sf36_mcs,age_std,0.507,0.474
yoda,3,NCT01369329,sf36_mcs,(Intercept),39.05,0.576
yoda,3,NCT01369329,sf36_mcs,como_cnt,-0.661,0.342
yoda,3,NCT01369329,sf36_mcs,sex,1.993,0.72
yoda,4,NCT01369329,sf36_mcs,(Intercept),39.98,0.969
yoda,4,NCT01369329,sf36_mcs,como_cnt,-0.772,0.354
yoda,4,NCT01369329,sf36_mcs,age_std,0.562,0.471
yoda,4,NCT01369329,sf36_mcs,sex,2.029,0.72
yoda,1,NCT01369342,sf36_pcs,(Intercept),50.324,0.596
yoda,1,NCT01369342,sf36_pcs,como_cnt,-1.552,0.473
yoda,2,NCT01369342,sf36_pcs,(Intercept),48.397,0.967
yoda,2,NCT01369342,sf36_pcs,como_cnt,-1.373,0.475
yoda,2,NCT01369342,sf36_pcs,age_std,-1.32,0.523
yoda,3,NCT01369342,sf36_pcs,(Intercept),47.893,0.758
yoda,3,NCT01369342,sf36_pcs,como_cnt,-1.262,0.464
yoda,3,NCT01369342,sf36_pcs,sex,4.533,0.912
yoda,4,NCT01369342,sf36_pcs,(Intercept),46.412,1.031
yoda,4,NCT01369342,sf36_pcs,como_cnt,-1.127,0.466
yoda,4,NCT01369342,sf36_pcs,age_std,-1.083,0.513
yoda,4,NCT01369342,sf36_pcs,sex,4.346,0.912
yoda,1,NCT01369342,sf36_mcs,(Intercept),40.765,0.554
yoda,1,NCT01369342,sf36_mcs,como_cnt,-0.654,0.44
yoda,2,NCT01369342,sf36_mcs,(Intercept),41.653,0.904
yoda,2,NCT01369342,sf36_mcs,como_cnt,-0.737,0.444
yoda,2,NCT01369342,sf36_mcs,age_std,0.609,0.49
yoda,3,NCT01369342,sf36_mcs,(Intercept),39.174,0.716
yoda,3,NCT01369342,sf36_mcs,como_cnt,-0.465,0.437
yoda,3,NCT01369342,sf36_mcs,sex,2.96,0.861
yoda,4,NCT01369342,sf36_mcs,(Intercept),40.239,0.974
yoda,4,NCT01369342,sf36_mcs,como_cnt,-0.563,0.441
yoda,4,NCT01369342,sf36_mcs,age_std,0.781,0.485
yoda,4,NCT01369342,sf36_mcs,sex,3.098,0.863
yoda,1,NCT00487539,eq5d_index,(Intercept),0.852,0.004
yoda,1,NCT00487539,eq5d_index,como_cnt,-0,0.003
yoda,2,NCT00487539,eq5d_index,(Intercept),0.857,0.007
yoda,2,NCT00487539,eq5d_index,como_cnt,-0.001,0.003
yoda,2,NCT00487539,eq5d_index,age_std,0.003,0.004
yoda,3,NCT00487539,eq5d_index,(Intercept),0.843,0.006
yoda,3,NCT00487539,eq5d_index,como_cnt,0,0.003
yoda,3,NCT00487539,eq5d_index,sex,0.016,0.007
yoda,4,NCT00487539,eq5d_index,(Intercept),0.848,0.008
yoda,4,NCT00487539,eq5d_index,como_cnt,-0.001,0.003
yoda,4,NCT00487539,eq5d_index,age_std,0.003,0.004
yoda,4,NCT00487539,eq5d_index,sex,0.016,0.007
yoda,1,NCT00487539,sf36_pcs,(Intercept),55.632,0.67
yoda,1,NCT00487539,sf36_pcs,como_cnt,-1.201,0.487
yoda,2,NCT00487539,sf36_pcs,(Intercept),54.57,1.144
yoda,2,NCT00487539,sf36_pcs,como_cnt,-1.041,0.506
yoda,2,NCT00487539,sf36_pcs,age_std,-0.672,0.586
yoda,3,NCT00487539,sf36_pcs,(Intercept),53.484,0.869
yoda,3,NCT00487539,sf36_pcs,como_cnt,-1.085,0.483
yoda,3,NCT00487539,sf36_pcs,sex,3.806,0.994
yoda,4,NCT00487539,sf36_pcs,(Intercept),52.379,1.267
yoda,4,NCT00487539,sf36_pcs,como_cnt,-0.92,0.502
yoda,4,NCT00487539,sf36_pcs,age_std,-0.695,0.58
yoda,4,NCT00487539,sf36_pcs,sex,3.818,0.993
yoda,1,NCT00487539,sf36_mcs,(Intercept),50.143,0.824
yoda,1,NCT00487539,sf36_mcs,como_cnt,-0.962,0.598
yoda,2,NCT00487539,sf36_mcs,(Intercept),50.052,1.408
yoda,2,NCT00487539,sf36_mcs,como_cnt,-0.948,0.623
yoda,2,NCT00487539,sf36_mcs,age_std,-0.057,0.721
yoda,3,NCT00487539,sf36_mcs,(Intercept),47.474,1.068
yoda,3,NCT00487539,sf36_mcs,como_cnt,-0.818,0.593
yoda,3,NCT00487539,sf36_mcs,sex,4.728,1.221
yoda,4,NCT00487539,sf36_mcs,(Intercept),47.338,1.56
yoda,4,NCT00487539,sf36_mcs,como_cnt,-0.798,0.618
yoda,4,NCT00487539,sf36_mcs,age_std,-0.086,0.714
yoda,4,NCT00487539,sf36_mcs,sex,4.73,1.222
yoda,1,NCT00488631,eq5d_index,(Intercept),0.861,0.005
yoda,1,NCT00488631,eq5d_index,como_cnt,-0.008,0.003
yoda,2,NCT00488631,eq5d_index,(Intercept),0.867,0.008
yoda,2,NCT00488631,eq5d_index,como_cnt,-0.008,0.004
yoda,2,NCT00488631,eq5d_index,age_std,0.004,0.004
yoda,3,NCT00488631,eq5d_index,(Intercept),0.848,0.006
yoda,3,NCT00488631,eq5d_index,como_cnt,-0.007,0.003
yoda,3,NCT00488631,eq5d_index,sex,0.022,0.007
yoda,4,NCT00488631,eq5d_index,(Intercept),0.854,0.009
yoda,4,NCT00488631,eq5d_index,como_cnt,-0.008,0.004
yoda,4,NCT00488631,eq5d_index,age_std,0.004,0.004
yoda,4,NCT00488631,eq5d_index,sex,0.022,0.007
yoda,1,NCT00488631,sf36_pcs,(Intercept),55.933,0.763
yoda,1,NCT00488631,sf36_pcs,como_cnt,-1.521,0.548
yoda,2,NCT00488631,sf36_pcs,(Intercept),55.786,1.287
yoda,2,NCT00488631,sf36_pcs,como_cnt,-1.504,0.561
yoda,2,NCT00488631,sf36_pcs,age_std,-0.096,0.675
yoda,3,NCT00488631,sf36_pcs,(Intercept),53.166,0.994
yoda,3,NCT00488631,sf36_pcs,como_cnt,-1.367,0.54
yoda,3,NCT00488631,sf36_pcs,sex,4.798,1.13
yoda,4,NCT00488631,sf36_pcs,(Intercept),53.03,1.423
yoda,4,NCT00488631,sf36_pcs,como_cnt,-1.352,0.553
yoda,4,NCT00488631,sf36_pcs,age_std,-0.089,0.664
yoda,4,NCT00488631,sf36_pcs,sex,4.798,1.131
yoda,1,NCT00488631,sf36_mcs,(Intercept),50.893,0.935
yoda,1,NCT00488631,sf36_mcs,como_cnt,-1.848,0.672
yoda,2,NCT00488631,sf36_mcs,(Intercept),50.78,1.578
yoda,2,NCT00488631,sf36_mcs,como_cnt,-1.835,0.688
yoda,2,NCT00488631,sf36_mcs,age_std,-0.074,0.827
yoda,3,NCT00488631,sf36_mcs,(Intercept),48.048,1.225
yoda,3,NCT00488631,sf36_mcs,como_cnt,-1.69,0.666
yoda,3,NCT00488631,sf36_mcs,sex,4.935,1.392
yoda,4,NCT00488631,sf36_mcs,(Intercept),47.946,1.754
yoda,4,NCT00488631,sf36_mcs,como_cnt,-1.679,0.681
yoda,4,NCT00488631,sf36_mcs,age_std,-0.067,0.818
yoda,4,NCT00488631,sf36_mcs,sex,4.934,1.394
yoda,1,NCT00231595,sf36_pcs,(Intercept),64.488,1.067
yoda,1,NCT00231595,sf36_pcs,como_cnt,-0.66,0.426
yoda,2,NCT00231595,sf36_pcs,(Intercept),62.818,1.976
yoda,2,NCT00231595,sf36_pcs,como_cnt,-0.563,0.437
yoda,2,NCT00231595,sf36_pcs,age_std,-1.139,1.135
yoda,3,NCT00231595,sf36_pcs,(Intercept),63.923,1.116
yoda,3,NCT00231595,sf36_pcs,como_cnt,-0.61,0.426
yoda,3,NCT00231595,sf36_pcs,sex,4.465,2.702
yoda,4,NCT00231595,sf36_pcs,(Intercept),62.437,1.984
yoda,4,NCT00231595,sf36_pcs,como_cnt,-0.525,0.436
yoda,4,NCT00231595,sf36_pcs,age_std,-1.027,1.133
yoda,4,NCT00231595,sf36_pcs,sex,4.312,2.709
yoda,1,NCT00231595,sf36_mcs,(Intercept),60.843,1.196
yoda,1,NCT00231595,sf36_mcs,como_cnt,-0.614,0.478
yoda,2,NCT00231595,sf36_mcs,(Intercept),63.105,2.209
yoda,2,NCT00231595,sf36_mcs,como_cnt,-0.747,0.49
yoda,2,NCT00231595,sf36_mcs,age_std,1.544,1.268
yoda,3,NCT00231595,sf36_mcs,(Intercept),60.412,1.256
yoda,3,NCT00231595,sf36_mcs,como_cnt,-0.575,0.479
yoda,3,NCT00231595,sf36_mcs,sex,3.406,3.042
yoda,4,NCT00231595,sf36_mcs,(Intercept),62.785,2.223
yoda,4,NCT00231595,sf36_mcs,como_cnt,-0.714,0.49
yoda,4,NCT00231595,sf36_mcs,age_std,1.641,1.27
yoda,4,NCT00231595,sf36_mcs,sex,3.656,3.043
yoda,1,NCT00265096,sf36_pcs,(Intercept),46.666,1.143
yoda,1,NCT00265096,sf36_pcs,como_cnt,-0.891,0.795
yoda,2,NCT00265096,sf36_pcs,(Intercept),47.311,1.635
yoda,2,NCT00265096,sf36_pcs,como_cnt,-0.993,0.817
yoda,2,NCT00265096,sf36_pcs,age_std,0.663,1.2
yoda,3,NCT00265096,sf36_pcs,(Intercept),43.524,1.508
yoda,3,NCT00265096,sf36_pcs,como_cnt,-0.891,0.782
yoda,3,NCT00265096,sf36_pcs,sex,5.25,1.678
yoda,4,NCT00265096,sf36_pcs,(Intercept),44.255,1.879
yoda,4,NCT00265096,sf36_pcs,como_cnt,-1.009,0.803
yoda,4,NCT00265096,sf36_pcs,age_std,0.771,1.181
yoda,4,NCT00265096,sf36_pcs,sex,5.282,1.681
yoda,1,NCT00265096,sf36_mcs,(Intercept),53.097,1.274
yoda,1,NCT00265096,sf36_mcs,como_cnt,-0.877,0.891
yoda,2,NCT00265096,sf36_mcs,(Intercept),55.693,1.811
yoda,2,NCT00265096,sf36_mcs,como_cnt,-1.295,0.91
yoda,2,NCT00265096,sf36_mcs,age_std,2.665,1.329
yoda,3,NCT00265096,sf36_mcs,(Intercept),49.611,1.679
yoda,3,NCT00265096,sf36_mcs,como_cnt,-0.902,0.877
yoda,3,NCT00265096,sf36_mcs,sex,5.844,1.874
yoda,4,NCT00265096,sf36_mcs,(Intercept),52.262,2.075
yoda,4,NCT00265096,sf36_mcs,como_cnt,-1.342,0.894
yoda,4,NCT00265096,sf36_mcs,age_std,2.803,1.306
yoda,4,NCT00265096,sf36_mcs,sex,5.975,1.862
yoda,1,NCT01009086,sf36_pcs,(Intercept),43.904,0.928
yoda,1,NCT01009086,sf36_pcs,como_cnt,-3.352,1.45
yoda,2,NCT01009086,sf36_pcs,(Intercept),44.702,1.429
yoda,2,NCT01009086,sf36_pcs,como_cnt,-3.602,1.492
yoda,2,NCT01009086,sf36_pcs,age_std,0.857,1.167
yoda,3,NCT01009086,sf36_pcs,(Intercept),41.66,1.367
yoda,3,NCT01009086,sf36_pcs,como_cnt,-3.147,1.44
yoda,3,NCT01009086,sf36_pcs,sex,3.956,1.783
yoda,4,NCT01009086,sf36_pcs,(Intercept),42.643,1.668
yoda,4,NCT01009086,sf36_pcs,como_cnt,-3.485,1.477
yoda,4,NCT01009086,sf36_pcs,age_std,1.197,1.164
yoda,4,NCT01009086,sf36_pcs,sex,4.188,1.797
yoda,1,NCT01009086,sf36_mcs,(Intercept),48.962,1.123
yoda,1,NCT01009086,sf36_mcs,como_cnt,-3.359,1.755
yoda,2,NCT01009086,sf36_mcs,(Intercept),50.598,1.725
yoda,2,NCT01009086,sf36_mcs,como_cnt,-3.872,1.801
yoda,2,NCT01009086,sf36_mcs,age_std,1.758,1.409
yoda,3,NCT01009086,sf36_mcs,(Intercept),45.269,1.638
yoda,3,NCT01009086,sf36_mcs,como_cnt,-3.021,1.726
yoda,3,NCT01009086,sf36_mcs,sex,6.509,2.137
yoda,4,NCT01009086,sf36_mcs,(Intercept),47.176,1.99
yoda,4,NCT01009086,sf36_mcs,como_cnt,-3.677,1.762
yoda,4,NCT01009086,sf36_mcs,age_std,2.323,1.389
yoda,4,NCT01009086,sf36_mcs,sex,6.959,2.144
yoda,1,NCT01077362,sf36_pcs,(Intercept),40.914,1.331
yoda,1,NCT01077362,sf36_pcs,como_cnt,-3.38,1.845
yoda,2,NCT01077362,sf36_pcs,(Intercept),39.01,1.815
yoda,2,NCT01077362,sf36_pcs,como_cnt,-3.015,1.85
yoda,2,NCT01077362,sf36_pcs,age_std,-2.236,1.459
yoda,3,NCT01077362,sf36_pcs,(Intercept),38.692,1.756
yoda,3,NCT01077362,sf36_pcs,como_cnt,-2.915,1.841
yoda,3,NCT01077362,sf36_pcs,sex,4.547,2.38
yoda,4,NCT01077362,sf36_pcs,(Intercept),37.291,2.059
yoda,4,NCT01077362,sf36_pcs,como_cnt,-2.65,1.847
yoda,4,NCT01077362,sf36_pcs,age_std,-1.89,1.461
yoda,4,NCT01077362,sf36_pcs,sex,4.12,2.396
yoda,1,NCT01077362,sf36_mcs,(Intercept),47.078,1.594
yoda,1,NCT01077362,sf36_mcs,como_cnt,-2.772,2.209
yoda,2,NCT01077362,sf36_mcs,(Intercept),47.696,2.194
yoda,2,NCT01077362,sf36_mcs,como_cnt,-2.89,2.236
yoda,2,NCT01077362,sf36_mcs,age_std,0.726,1.763
yoda,3,NCT01077362,sf36_mcs,(Intercept),43.867,2.089
yoda,3,NCT01077362,sf36_mcs,como_cnt,-2.1,2.19
yoda,3,NCT01077362,sf36_mcs,sex,6.574,2.831
yoda,4,NCT01077362,sf36_mcs,(Intercept),44.832,2.46
yoda,4,NCT01077362,sf36_mcs,como_cnt,-2.283,2.207
yoda,4,NCT01077362,sf36_mcs,age_std,1.303,1.746
yoda,4,NCT01077362,sf36_mcs,sex,6.869,2.863
yoda,1,NCT00267969,sf36_pcs,(Intercept),69.276,0.784
yoda,1,NCT00267969,sf36_pcs,como_cnt,-3.893,0.879
yoda,2,NCT00267969,sf36_pcs,(Intercept),68.808,1.192
yoda,2,NCT00267969,sf36_pcs,como_cnt,-3.861,0.882
yoda,2,NCT00267969,sf36_pcs,age_std,-0.472,0.906
yoda,3,NCT00267969,sf36_pcs,(Intercept),68.599,1.283
yoda,3,NCT00267969,sf36_pcs,como_cnt,-3.872,0.88
yoda,3,NCT00267969,sf36_pcs,sex,0.98,1.471
yoda,4,NCT00267969,sf36_pcs,(Intercept),68.102,1.582
yoda,4,NCT00267969,sf36_pcs,como_cnt,-3.839,0.883
yoda,4,NCT00267969,sf36_pcs,age_std,-0.488,0.907
yoda,4,NCT00267969,sf36_pcs,sex,1,1.473
yoda,1,NCT00267969,sf36_mcs,(Intercept),64.729,0.825
yoda,1,NCT00267969,sf36_mcs,como_cnt,-1.674,0.925
yoda,2,NCT00267969,sf36_mcs,(Intercept),66.233,1.25
yoda,2,NCT00267969,sf36_mcs,como_cnt,-1.777,0.926
yoda,2,NCT00267969,sf36_mcs,age_std,1.519,0.95
yoda,3,NCT00267969,sf36_mcs,(Intercept),62.559,1.344
yoda,3,NCT00267969,sf36_mcs,como_cnt,-1.607,0.922
yoda,3,NCT00267969,sf36_mcs,sex,3.146,1.541
yoda,4,NCT00267969,sf36_mcs,(Intercept),64.057,1.652
yoda,4,NCT00267969,sf36_mcs,como_cnt,-1.707,0.923
yoda,4,NCT00267969,sf36_mcs,age_std,1.471,0.947
yoda,4,NCT00267969,sf36_mcs,sex,3.085,1.538
yoda,1,NCT00236028,sf36_pcs,(Intercept),41.624,0.647
yoda,1,NCT00236028,sf36_pcs,como_cnt,-1.249,0.436
yoda,2,NCT00236028,sf36_pcs,(Intercept),41.955,0.841
yoda,2,NCT00236028,sf36_pcs,como_cnt,-1.331,0.456
yoda,2,NCT00236028,sf36_pcs,age_std,0.351,0.57
yoda,3,NCT00236028,sf36_pcs,(Intercept),41.17,0.72
yoda,3,NCT00236028,sf36_pcs,como_cnt,-1.222,0.436
yoda,3,NCT00236028,sf36_pcs,sex,1.464,1.017
yoda,4,NCT00236028,sf36_pcs,(Intercept),41.406,0.932
yoda,4,NCT00236028,sf36_pcs,como_cnt,-1.277,0.457
yoda,4,NCT00236028,sf36_pcs,age_std,0.23,0.576
yoda,4,NCT00236028,sf36_pcs,sex,1.401,1.03
yoda,1,NCT00236028,sf36_mcs,(Intercept),49.696,0.823
yoda,1,NCT00236028,sf36_mcs,como_cnt,-1.881,0.554
yoda,2,NCT00236028,sf36_mcs,(Intercept),52.009,1.062
yoda,2,NCT00236028,sf36_mcs,como_cnt,-2.449,0.575
yoda,2,NCT00236028,sf36_mcs,age_std,2.451,0.719
yoda,3,NCT00236028,sf36_mcs,(Intercept),48.177,0.907
yoda,3,NCT00236028,sf36_mcs,como_cnt,-1.79,0.549
yoda,3,NCT00236028,sf36_mcs,sex,4.891,1.281
yoda,4,NCT00236028,sf36_mcs,(Intercept),50.313,1.17
yoda,4,NCT00236028,sf36_mcs,como_cnt,-2.282,0.573
yoda,4,NCT00236028,sf36_mcs,age_std,2.073,0.723
yoda,4,NCT00236028,sf36_mcs,sex,4.312,1.29
yoda,1,NCT00264537,sf36_pcs,(Intercept),39.412,0.88
yoda,1,NCT00264537,sf36_pcs,como_cnt,-0.363,0.636
yoda,2,NCT00264537,sf36_pcs,(Intercept),39.218,1.182
yoda,2,NCT00264537,sf36_pcs,como_cnt,-0.31,0.672
yoda,2,NCT00264537,sf36_pcs,age_std,-0.204,0.825
yoda,3,NCT00264537,sf36_pcs,(Intercept),39.133,0.943
yoda,3,NCT00264537,sf36_pcs,como_cnt,-0.339,0.637
yoda,3,NCT00264537,sf36_pcs,sex,1.385,1.661
yoda,4,NCT00264537,sf36_pcs,(Intercept),38.873,1.249
yoda,4,NCT00264537,sf36_pcs,como_cnt,-0.27,0.674
yoda,4,NCT00264537,sf36_pcs,age_std,-0.263,0.828
yoda,4,NCT00264537,sf36_pcs,sex,1.428,1.669
yoda,1,NCT00264537,sf36_mcs,(Intercept),45.458,1.185
yoda,1,NCT00264537,sf36_mcs,como_cnt,-0.95,0.855
yoda,2,NCT00264537,sf36_mcs,(Intercept),46.112,1.589
yoda,2,NCT00264537,sf36_mcs,como_cnt,-1.129,0.904
yoda,2,NCT00264537,sf36_mcs,age_std,0.686,1.11
yoda,3,NCT00264537,sf36_mcs,(Intercept),43.932,1.246
yoda,3,NCT00264537,sf36_mcs,como_cnt,-0.819,0.842
yoda,3,NCT00264537,sf36_mcs,sex,7.56,2.196
yoda,4,NCT00264537,sf36_mcs,(Intercept),44.306,1.651
yoda,4,NCT00264537,sf36_mcs,como_cnt,-0.919,0.892
yoda,4,NCT00264537,sf36_mcs,age_std,0.379,1.095
yoda,4,NCT00264537,sf36_mcs,sex,7.497,2.207
yoda,1,NCT00264550,sf36_pcs,(Intercept),44.309,1.124
yoda,1,NCT00264550,sf36_pcs,como_cnt,-2.233,0.698
yoda,2,NCT00264550,sf36_pcs,(Intercept),43.875,1.528
yoda,2,NCT00264550,sf36_pcs,como_cnt,-2.112,0.756
yoda,2,NCT00264550,sf36_pcs,age_std,-0.486,1.156
yoda,3,NCT00264550,sf36_pcs,(Intercept),43.551,1.195
yoda,3,NCT00264550,sf36_pcs,como_cnt,-2.168,0.696
yoda,3,NCT00264550,sf36_pcs,sex,3.794,2.115
yoda,4,NCT00264550,sf36_pcs,(Intercept),42.646,1.649
yoda,4,NCT00264550,sf36_pcs,como_cnt,-1.93,0.757
yoda,4,NCT00264550,sf36_pcs,age_std,-0.936,1.173
yoda,4,NCT00264550,sf36_pcs,sex,4.139,2.16
yoda,1,NCT00264550,sf36_mcs,(Intercept),50.516,1.312
yoda,1,NCT00264550,sf36_mcs,como_cnt,-2.056,0.814
yoda,2,NCT00264550,sf36_mcs,(Intercept),52.249,1.775
yoda,2,NCT00264550,sf36_mcs,como_cnt,-2.535,0.877
yoda,2,NCT00264550,sf36_mcs,age_std,1.936,1.339
yoda,3,NCT00264550,sf36_mcs,(Intercept),48.974,1.376
yoda,3,NCT00264550,sf36_mcs,como_cnt,-1.919,0.799
yoda,3,NCT00264550,sf36_mcs,sex,7.65,2.424
yoda,4,NCT00264550,sf36_mcs,(Intercept),50.088,1.895
yoda,4,NCT00264550,sf36_mcs,como_cnt,-2.212,0.869
yoda,4,NCT00264550,sf36_mcs,age_std,1.148,1.344
yoda,4,NCT00264550,sf36_mcs,sex,7.225,2.475
yoda,1,NCT00361335,sf36_pcs,(Intercept),41.741,1.142
yoda,1,NCT00361335,sf36_pcs,como_cnt,-1.095,0.587
yoda,2,NCT00361335,sf36_pcs,(Intercept),43.285,1.494
yoda,2,NCT00361335,sf36_pcs,como_cnt,-1.364,0.609
yoda,2,NCT00361335,sf36_pcs,age_std,1.719,1.078
yoda,3,NCT00361335,sf36_pcs,(Intercept),40.794,1.216
yoda,3,NCT00361335,sf36_pcs,como_cnt,-1.007,0.584
yoda,3,NCT00361335,sf36_pcs,sex,4.127,1.915
yoda,4,NCT00361335,sf36_pcs,(Intercept),42.171,1.59
yoda,4,NCT00361335,sf36_pcs,como_cnt,-1.24,0.609
yoda,4,NCT00361335,sf36_pcs,age_std,1.448,1.081
yoda,4,NCT00361335,sf36_pcs,sex,3.799,1.928
yoda,1,NCT00361335,sf36_mcs,(Intercept),48.032,1.415
yoda,1,NCT00361335,sf36_mcs,como_cnt,0.036,0.728
yoda,2,NCT00361335,sf36_mcs,(Intercept),51.149,1.837
yoda,2,NCT00361335,sf36_mcs,como_cnt,-0.506,0.749
yoda,2,NCT00361335,sf36_mcs,age_std,3.47,1.325
yoda,3,NCT00361335,sf36_mcs,(Intercept),46.312,1.491
yoda,3,NCT00361335,sf36_mcs,como_cnt,0.197,0.717
yoda,3,NCT00361335,sf36_mcs,sex,7.499,2.35
yoda,4,NCT00361335,sf36_mcs,(Intercept),49.148,1.938
yoda,4,NCT00361335,sf36_mcs,como_cnt,-0.283,0.742
yoda,4,NCT00361335,sf36_mcs,age_std,2.984,1.317
yoda,4,NCT00361335,sf36_mcs,sex,6.823,2.35
yoda,1,NCT00973479,eq5d_index,(Intercept),0.735,0.004
yoda,1,NCT00973479,eq5d_index,como_cnt,0.005,0.004
yoda,2,NCT00973479,eq5d_index,(Intercept),0.737,0.005
yoda,2,NCT00973479,eq5d_index,como_cnt,0.004,0.004
yoda,2,NCT00973479,eq5d_index,age_std,0.002,0.004
yoda,3,NCT00973479,eq5d_index,(Intercept),0.733,0.004
yoda,3,NCT00973479,eq5d_index,como_cnt,0.004,0.004
yoda,3,NCT00973479,eq5d_index,sex,0.015,0.008
yoda,4,NCT00973479,eq5d_index,(Intercept),0.734,0.005
yoda,4,NCT00973479,eq5d_index,como_cnt,0.004,0.004
yoda,4,NCT00973479,eq5d_index,age_std,0.001,0.004
yoda,4,NCT00973479,eq5d_index,sex,0.015,0.008
yoda,1,NCT00973479,sf36_pcs,(Intercept),40.394,0.46
yoda,1,NCT00973479,sf36_pcs,como_cnt,-0.528,0.466
yoda,2,NCT00973479,sf36_pcs,(Intercept),39.94,0.567
yoda,2,NCT00973479,sf36_pcs,como_cnt,-0.367,0.48
yoda,2,NCT00973479,sf36_pcs,age_std,-0.666,0.488
yoda,3,NCT00973479,sf36_pcs,(Intercept),40.065,0.491
yoda,3,NCT00973479,sf36_pcs,como_cnt,-0.548,0.465
yoda,3,NCT00973479,sf36_pcs,sex,1.846,0.985
yoda,4,NCT00973479,sf36_pcs,(Intercept),39.587,0.595
yoda,4,NCT00973479,sf36_pcs,como_cnt,-0.381,0.479
yoda,4,NCT00973479,sf36_pcs,age_std,-0.691,0.487
yoda,4,NCT00973479,sf36_pcs,sex,1.884,0.984
yoda,1,NCT00973479,sf36_mcs,(Intercept),42.147,0.429
yoda,1,NCT00973479,sf36_mcs,como_cnt,0.229,0.435
yoda,2,NCT00973479,sf36_mcs,(Intercept),42.77,0.528
yoda,2,NCT00973479,sf36_mcs,como_cnt,0.008,0.447
yoda,2,NCT00973479,sf36_mcs,age_std,0.915,0.454
yoda,3,NCT00973479,sf36_mcs,(Intercept),41.997,0.459
yoda,3,NCT00973479,sf36_mcs,como_cnt,0.22,0.435
yoda,3,NCT00973479,sf36_mcs,sex,0.839,0.921
yoda,4,NCT00973479,sf36_mcs,(Intercept),42.622,0.555
yoda,4,NCT00973479,sf36_mcs,como_cnt,0.002,0.447
yoda,4,NCT00973479,sf36_mcs,age_std,0.904,0.455
yoda,4,NCT00973479,sf36_mcs,sex,0.79,0.919
yoda,1,NCT01106625,eq5d_index,(Intercept),0.933,0.007
yoda,1,NCT01106625,eq5d_index,como_cnt,-0.015,0.003
yoda,2,NCT01106625,eq5d_index,(Intercept),0.933,0.008
yoda,2,NCT01106625,eq5d_index,como_cnt,-0.015,0.003
yoda,2,NCT01106625,eq5d_index,age_std,0.001,0.009
yoda,3,NCT01106625,eq5d_index,(Intercept),0.923,0.009
yoda,3,NCT01106625,eq5d_index,como_cnt,-0.016,0.003
yoda,3,NCT01106625,eq5d_index,sex,0.021,0.01
yoda,4,NCT01106625,eq5d_index,(Intercept),0.924,0.009
yoda,4,NCT01106625,eq5d_index,como_cnt,-0.016,0.003
yoda,4,NCT01106625,eq5d_index,age_std,0.001,0.008
yoda,4,NCT01106625,eq5d_index,sex,0.021,0.01
yoda,1,NCT01106625,sf36_pcs,(Intercept),59.356,0.566
yoda,1,NCT01106625,sf36_pcs,como_cnt,-1.709,0.246
yoda,2,NCT01106625,sf36_pcs,(Intercept),59.501,0.602
yoda,2,NCT01106625,sf36_pcs,como_cnt,-1.729,0.248
yoda,2,NCT01106625,sf36_pcs,age_std,0.471,0.666
yoda,3,NCT01106625,sf36_pcs,(Intercept),57.894,0.658
yoda,3,NCT01106625,sf36_pcs,como_cnt,-1.81,0.243
yoda,3,NCT01106625,sf36_pcs,sex,3.121,0.747
yoda,4,NCT01106625,sf36_pcs,(Intercept),58.038,0.689
yoda,4,NCT01106625,sf36_pcs,como_cnt,-1.831,0.245
yoda,4,NCT01106625,sf36_pcs,age_std,0.464,0.656
yoda,4,NCT01106625,sf36_pcs,sex,3.12,0.748
yoda,1,NCT01106625,sf36_mcs,(Intercept),52.141,0.526
yoda,1,NCT01106625,sf36_mcs,como_cnt,-0.884,0.228
yoda,2,NCT01106625,sf36_mcs,(Intercept),52.633,0.556
yoda,2,NCT01106625,sf36_mcs,como_cnt,-0.953,0.229
yoda,2,NCT01106625,sf36_mcs,age_std,1.591,0.609
yoda,3,NCT01106625,sf36_mcs,(Intercept),50.573,0.607
yoda,3,NCT01106625,sf36_mcs,como_cnt,-0.992,0.225
yoda,3,NCT01106625,sf36_mcs,sex,3.362,0.688
yoda,4,NCT01106625,sf36_mcs,(Intercept),51.065,0.631
yoda,4,NCT01106625,sf36_mcs,como_cnt,-1.06,0.225
yoda,4,NCT01106625,sf36_mcs,age_std,1.572,0.596
yoda,4,NCT01106625,sf36_mcs,sex,3.351,0.684
yoda,1,NCT01106677,sf36_pcs,(Intercept),56.426,0.534
yoda,1,NCT01106677,sf36_pcs,como_cnt,-0.85,0.268
yoda,2,NCT01106677,sf36_pcs,(Intercept),56.398,0.612
yoda,2,NCT01106677,sf36_pcs,como_cnt,-0.844,0.277
yoda,2,NCT01106677,sf36_pcs,age_std,-0.058,0.623
yoda,3,NCT01106677,sf36_pcs,(Intercept),55.069,0.631
yoda,3,NCT01106677,sf36_pcs,como_cnt,-0.859,0.264
yoda,3,NCT01106677,sf36_pcs,sex,2.899,0.742
yoda,4,NCT01106677,sf36_pcs,(Intercept),55.036,0.698
yoda,4,NCT01106677,sf36_pcs,como_cnt,-0.851,0.273
yoda,4,NCT01106677,sf36_pcs,age_std,-0.069,0.615
yoda,4,NCT01106677,sf36_pcs,sex,2.899,0.743
yoda,1,NCT01106677,sf36_mcs,(Intercept),50.337,0.455
yoda,1,NCT01106677,sf36_mcs,como_cnt,-0.552,0.228
yoda,2,NCT01106677,sf36_mcs,(Intercept),50.593,0.522
yoda,2,NCT01106677,sf36_mcs,como_cnt,-0.613,0.236
yoda,2,NCT01106677,sf36_mcs,age_std,0.533,0.532
yoda,3,NCT01106677,sf36_mcs,(Intercept),49.592,0.544
yoda,3,NCT01106677,sf36_mcs,como_cnt,-0.555,0.227
yoda,3,NCT01106677,sf36_mcs,sex,1.585,0.639
yoda,4,NCT01106677,sf36_mcs,(Intercept),49.846,0.601
yoda,4,NCT01106677,sf36_mcs,como_cnt,-0.616,0.235
yoda,4,NCT01106677,sf36_mcs,age_std,0.529,0.529
yoda,4,NCT01106677,sf36_mcs,sex,1.583,0.639
yoda,1,NCT01137812,eq5d_index,(Intercept),0.916,0.006
yoda,1,NCT01137812,eq5d_index,como_cnt,-0.018,0.003
yoda,2,NCT01137812,eq5d_index,(Intercept),0.912,0.007
yoda,2,NCT01137812,eq5d_index,como_cnt,-0.017,0.003
yoda,2,NCT01137812,eq5d_index,age_std,-0.01,0.006
yoda,3,NCT01137812,eq5d_index,(Intercept),0.9,0.008
yoda,3,NCT01137812,eq5d_index,como_cnt,-0.017,0.003
yoda,3,NCT01137812,eq5d_index,sex,0.027,0.008
yoda,4,NCT01137812,eq5d_index,(Intercept),0.895,0.008
yoda,4,NCT01137812,eq5d_index,como_cnt,-0.016,0.003
yoda,4,NCT01137812,eq5d_index,age_std,-0.01,0.006
yoda,4,NCT01137812,eq5d_index,sex,0.027,0.008
yoda,1,NCT01137812,sf36_pcs,(Intercept),58.449,0.517
yoda,1,NCT01137812,sf36_pcs,como_cnt,-1.661,0.21
yoda,2,NCT01137812,sf36_pcs,(Intercept),58.156,0.561
yoda,2,NCT01137812,sf36_pcs,como_cnt,-1.594,0.216
yoda,2,NCT01137812,sf36_pcs,age_std,-0.701,0.522
yoda,3,NCT01137812,sf36_pcs,(Intercept),56.155,0.633
yoda,3,NCT01137812,sf36_pcs,como_cnt,-1.568,0.206
yoda,3,NCT01137812,sf36_pcs,sex,3.786,0.63
yoda,4,NCT01137812,sf36_pcs,(Intercept),55.827,0.67
yoda,4,NCT01137812,sf36_pcs,como_cnt,-1.495,0.212
yoda,4,NCT01137812,sf36_pcs,age_std,-0.758,0.51
yoda,4,NCT01137812,sf36_pcs,sex,3.803,0.63
yoda,1,NCT01137812,sf36_mcs,(Intercept),52.146,0.437
yoda,1,NCT01137812,sf36_mcs,como_cnt,-0.563,0.178
yoda,2,NCT01137812,sf36_mcs,(Intercept),52.482,0.473
yoda,2,NCT01137812,sf36_mcs,como_cnt,-0.642,0.182
yoda,2,NCT01137812,sf36_mcs,age_std,0.81,0.439
yoda,3,NCT01137812,sf36_mcs,(Intercept),50.543,0.539
yoda,3,NCT01137812,sf36_mcs,como_cnt,-0.498,0.175
yoda,3,NCT01137812,sf36_mcs,sex,2.651,0.536
yoda,4,NCT01137812,sf36_mcs,(Intercept),50.875,0.569
yoda,4,NCT01137812,sf36_mcs,como_cnt,-0.574,0.18
yoda,4,NCT01137812,sf36_mcs,age_std,0.783,0.432
yoda,4,NCT01137812,sf36_mcs,sex,2.639,0.536
